Customer ID,Segment,Age,Country,City,State,Postal Code,Region
CG-12520,Consumer,67,United States,Henderson,Kentucky,42420,South
DV-13045,Corporate,31,United States,Los Angeles,California,90036,West
SO-20335,Consumer,65,United States,Fort Lauderdale,Florida,33311,South
BH-11710,Consumer,20,United States,Los Angeles,California,90032,West
AA-10480,Consumer,50,United States,Concord,North Carolina,28027,South
IM-15070,Consumer,66,United States,Seattle,Washington,98103,West
HP-14815,Home Office,20,United States,Fort Worth,Texas,76106,Central
PK-19075,Consumer,46,United States,Madison,Wisconsin,53711,Central
AG-10270,Consumer,18,United States,West Jordan,Utah,84084,West
ZD-21925,Consumer,66,United States,San Francisco,California,94109,West
KB-16585,Corporate,67,United States,Fremont,Nebraska,68025,Central
SF-20065,Consumer,41,United States,Philadelphia,Pennsylvania,19140,East
EB-13870,Consumer,34,United States,Orem,Utah,84057,West
EH-13945,Consumer,21,United States,Los Angeles,California,90049,West
TB-21520,Consumer,48,United States,Philadelphia,Pennsylvania,19140,East
MA-17560,Home Office,19,United States,Houston,Texas,77095,Central
GH-14485,Corporate,28,United States,Richardson,Texas,75080,Central
SN-20710,Home Office,46,United States,Houston,Texas,77041,Central
LC-16930,Corporate,31,United States,Naperville,Illinois,60540,Central
RA-19885,Corporate,51,United States,Los Angeles,California,90049,West
ES-14080,Corporate,20,United States,Melbourne,Florida,32935,South
ON-18715,Corporate,27,United States,Eagan,Minnesota,55122,Central
PO-18865,Consumer,64,United States,Westland,Michigan,48185,Central
LH-16900,Consumer,66,United States,Dover,Delaware,19901,East
DP-13000,Consumer,40,United States,New Albany,Indiana,47150,Central
JM-15265,Corporate,23,United States,New York City,New York,10024,East
TB-21055,Consumer,34,United States,Troy,New York,12180,East
KM-16720,Consumer,69,United States,Los Angeles,California,90004,West
PS-18970,Home Office,31,United States,Chicago,Illinois,60610,Central
BS-11590,Corporate,45,United States,Gilbert,Arizona,85234,West
KD-16270,Consumer,59,United States,Springfield,Virginia,22153,South
HM-14980,Consumer,35,United States,New York City,New York,10009,East
JE-15745,Consumer,25,United States,Memphis,Tennessee,38109,South
KB-16600,Corporate,29,United States,Houston,Texas,77041,Central
SC-20770,Corporate,18,United States,Decatur,Alabama,35601,South
DN-13690,Consumer,42,United States,San Francisco,California,94122,West
JC-16105,Corporate,56,United States,Durham,North Carolina,27707,South
CS-12400,Home Office,33,United States,Chicago,Illinois,60623,Central
PG-18895,Consumer,64,United States,Rochester,Minnesota,55901,Central
GM-14455,Home Office,64,United States,Houston,Texas,77095,Central
JS-15685,Corporate,33,United States,Los Angeles,California,90036,West
KB-16315,Consumer,70,United States,Minneapolis,Minnesota,55407,Central
RB-19705,Home Office,63,United States,Portland,Oregon,97206,West
PN-18775,Home Office,35,United States,New York City,New York,10009,East
KD-16345,Consumer,33,United States,San Francisco,California,94122,West
ER-13855,Corporate,56,United States,Saint Paul,Minnesota,55106,Central
RB-19465,Home Office,18,United States,Chicago,Illinois,60610,Central
GZ-14470,Consumer,64,United States,Rochester,Minnesota,55901,Central
LC-16870,Consumer,63,United States,Aurora,Colorado,80013,West
JM-15250,Consumer,62,United States,Charlotte,North Carolina,28205,South
PA-19060,Home Office,31,United States,Orland Park,Illinois,60462,Central
CV-12805,Corporate,55,United States,New York City,New York,10035,East
CL-12565,Consumer,36,United States,Urbandale,Iowa,50322,Central
RC-19960,Consumer,34,United States,Columbus,Ohio,43229,East
DK-13090,Consumer,24,United States,Seattle,Washington,98103,West
GG-14650,Corporate,51,United States,Bristol,Tennessee,37620,South
SC-20725,Consumer,28,United States,Wilmington,Delaware,19805,East
AD-10180,Home Office,52,United States,Houston,Texas,77041,Central
PF-19165,Consumer,30,United States,Bloomington,Illinois,61701,Central
TS-21610,Consumer,33,United States,Phoenix,Arizona,85023,West
LS-16975,Home Office,66,United States,Los Angeles,California,90004,West
DW-13585,Corporate,62,United States,Columbus,Ohio,43229,East
LC-16885,Consumer,31,United States,Roseville,California,95661,West
JD-15895,Corporate,57,United States,Philadelphia,Pennsylvania,19140,East
SH-19975,Corporate,60,United States,San Francisco,California,94122,West
SG-20080,Consumer,52,United States,Independence,Missouri,64055,Central
HA-14920,Consumer,48,United States,Pasadena,California,91104,West
MG-17680,Home Office,26,United States,Newark,Ohio,43055,East
JE-16165,Corporate,49,United States,Franklin,Wisconsin,53132,Central
TW-21025,Home Office,61,United States,Scottsdale,Arizona,85254,West
SP-20650,Corporate,18,United States,San Jose,California,95123,West
NK-18490,Home Office,61,United States,Seattle,Washington,98105,West
DB-13060,Consumer,50,United States,Seattle,Washington,98115,West
NP-18670,Consumer,64,United States,Edmond,Oklahoma,73034,Central
TT-21070,Consumer,67,United States,Los Angeles,California,90045,West
EM-13960,Consumer,46,United States,Philadelphia,Pennsylvania,19134,East
RD-19900,Consumer,26,United States,Carlsbad,New Mexico,88220,West
MJ-17740,Consumer,40,United States,Seattle,Washington,98115,West
BM-11140,Consumer,67,United States,San Antonio,Texas,78207,Central
CS-12130,Consumer,51,United States,Los Angeles,California,90004,West
JB-15400,Corporate,39,United States,Chicago,Illinois,60623,Central
SJ-20500,Consumer,69,United States,Houston,Texas,77036,Central
JK-15640,Home Office,31,United States,New York City,New York,10009,East
DK-13150,Corporate,20,United States,Decatur,Illinois,62521,Central
RM-19675,Home Office,57,United States,Monroe,Louisiana,71203,South
SK-19990,Consumer,44,United States,Fairfield,Connecticut,6824,East
FM-14290,Home Office,45,United States,Los Angeles,California,90032,West
AM-10360,Corporate,45,United States,Grand Prairie,Texas,75051,Central
MP-17470,Home Office,61,United States,New York City,New York,10035,East
MZ-17515,Corporate,52,United States,Redlands,California,92374,West
CB-12025,Consumer,43,United States,Hamilton,Ohio,45011,East
VM-21685,Home Office,69,United States,Westfield,New Jersey,7090,East
FH-14365,Corporate,49,United States,Philadelphia,Pennsylvania,19120,East
MB-17305,Consumer,43,United States,Akron,Ohio,44312,East
BS-11755,Consumer,59,United States,Denver,Colorado,80219,West
LC-17140,Consumer,22,United States,Dallas,Texas,75220,Central
HK-14890,Corporate,27,United States,Franklin,Tennessee,37064,South
LE-16810,Consumer,62,United States,Whittier,California,90604,West
JH-15985,Consumer,51,United States,Saginaw,Michigan,48601,Central
MS-17980,Corporate,67,United States,Dallas,Texas,75220,Central
VW-21775,Corporate,62,United States,Medina,Ohio,44256,East
JH-15910,Consumer,40,United States,Los Angeles,California,90032,West
JB-15925,Consumer,25,United States,Dublin,Ohio,43017,East
DS-13180,Corporate,41,United States,Detroit,Michigan,48227,Central
VD-21670,Consumer,69,United States,Columbia,Tennessee,38401,South
EA-14035,Corporate,61,United States,Charlotte,North Carolina,28205,South
DB-13120,Corporate,60,United States,Santa Clara,California,95051,West
KL-16645,Consumer,43,United States,Chicago,Illinois,60610,Central
DW-13480,Home Office,25,United States,Lakeville,Minnesota,55044,Central
LH-17155,Consumer,43,United States,San Francisco,California,94109,West
KC-16540,Consumer,39,United States,San Diego,California,92037,West
DL-13315,Consumer,48,United States,New York City,New York,10024,East
DR-12880,Corporate,68,United States,Chicago,Illinois,60623,Central
CC-12670,Consumer,22,United States,New York City,New York,10009,East
Dl-13600,Corporate,68,United States,Pasadena,Texas,77506,Central
SB-20290,Corporate,41,United States,Houston,Texas,77036,Central
RC-19825,Consumer,54,United States,Chicago,Illinois,60610,Central
AH-10210,Consumer,58,United States,Brentwood,California,94513,West
CB-12535,Corporate,63,United States,Chapel Hill,North Carolina,27514,South
CA-12310,Corporate,68,United States,Cincinnati,Ohio,45231,East
KH-16690,Corporate,36,United States,San Francisco,California,94110,West
BB-10990,Corporate,41,United States,Inglewood,California,90301,West
AG-10495,Corporate,24,United States,Philadelphia,Pennsylvania,19140,East
JO-15280,Consumer,39,United States,Los Angeles,California,90004,West
AH-10195,Corporate,67,United States,Tamarac,Florida,33319,South
NZ-18565,Home Office,23,United States,Columbus,Ohio,43229,East
KL-16555,Corporate,60,United States,Colorado Springs,Colorado,80906,West
AS-10225,Corporate,31,United States,New York City,New York,10024,East
CR-12625,Home Office,46,United States,Lakewood,New Jersey,8701,East
SH-20395,Consumer,66,United States,Arlington,Virginia,22204,South
BP-11185,Corporate,48,United States,Arvada,Colorado,80004,West
TS-21205,Corporate,21,United States,Hackensack,New Jersey,7601,East
AG-10525,Corporate,69,United States,Saint Petersburg,Florida,33710,South
SP-20860,Corporate,38,United States,Philadelphia,Pennsylvania,19143,East
NM-18445,Home Office,21,United States,New York City,New York,10024,East
FA-14230,Corporate,34,United States,Long Beach,California,90805,West
GK-14620,Corporate,32,United States,Hesperia,California,92345,West
DJ-13510,Corporate,67,United States,Murfreesboro,Tennessee,37130,South
PO-18850,Consumer,59,United States,Philadelphia,Pennsylvania,19143,East
JL-15850,Consumer,70,United States,Philadelphia,Pennsylvania,19134,East
DB-13615,Consumer,19,United States,Los Angeles,California,90045,West
AC-10420,Corporate,69,United States,San Francisco,California,94122,West
CC-12550,Consumer,42,United States,San Francisco,California,94122,West
TD-20995,Consumer,19,United States,Lowell,Massachusetts,1852,East
AB-10060,Home Office,25,United States,New York City,New York,10009,East
JL-15505,Consumer,48,United States,New York City,New York,10035,East
VB-21745,Corporate,27,United States,Columbus,Georgia,31907,South
KW-16435,Consumer,48,United States,New York City,New York,10009,East
JD-16060,Consumer,70,United States,San Francisco,California,94109,West
MK-17905,Corporate,20,United States,Manchester,Connecticut,6040,East
GT-14755,Consumer,53,United States,Harlingen,Texas,78550,Central
AG-10900,Consumer,56,United States,Tucson,Arizona,85705,West
MM-18280,Corporate,59,United States,Quincy,Illinois,62301,Central
AR-10405,Corporate,66,United States,Franklin,Massachusetts,2038,East
RA-19915,Consumer,47,United States,Houston,Texas,77095,Central
AS-10285,Corporate,53,United States,San Francisco,California,94109,West
LA-16780,Corporate,59,United States,Taylor,Michigan,48180,Central
DO-13435,Consumer,25,United States,Pembroke Pines,Florida,33024,South
DK-13225,Corporate,36,United States,Philadelphia,Pennsylvania,19140,East
NG-18430,Consumer,50,United States,Cincinnati,Ohio,45231,East
MV-18190,Consumer,66,United States,New York City,New York,10009,East
JG-15115,Consumer,63,United States,Des Moines,Washington,98198,West
BP-11095,Corporate,30,United States,Peoria,Illinois,61604,Central
VP-21730,Home Office,35,United States,Las Vegas,Nevada,89115,West
SS-20140,Corporate,33,United States,Warwick,Rhode Island,2886,East
AG-10675,Consumer,69,United States,Houston,Texas,77036,Central
LF-17185,Consumer,36,United States,Miami,Florida,33180,South
RF-19840,Consumer,57,United States,New York City,New York,10024,East
KH-16510,Consumer,27,United States,San Francisco,California,94110,West
KC-16675,Corporate,31,United States,Seattle,Washington,98105,West
CJ-12010,Consumer,64,United States,Huntington Beach,California,92646,West
PB-19150,Consumer,30,United States,Los Angeles,California,90004,West
MP-17965,Corporate,18,United States,Lawrence,Massachusetts,1841,East
NF-18385,Consumer,23,United States,Jackson,Mississippi,39212,South
SD-20485,Home Office,70,United States,New Rochelle,New York,10801,East
KH-16630,Corporate,34,United States,San Antonio,Texas,78207,Central
RB-19795,Home Office,60,United States,Gastonia,North Carolina,28052,South
MK-18160,Consumer,22,United States,Jacksonville,Florida,32216,South
PO-19180,Home Office,46,United States,Chicago,Illinois,60623,Central
BB-11545,Corporate,60,United States,Houston,Texas,77070,Central
TB-21595,Consumer,50,United States,Columbus,Indiana,47201,Central
RB-19360,Consumer,70,United States,Auburn,New York,13021,East
EB-13705,Corporate,41,United States,Akron,Ohio,44312,East
SC-20095,Consumer,27,United States,Concord,California,94521,West
TN-21040,Home Office,37,United States,Phoenix,Arizona,85023,West
JS-15940,Home Office,26,United States,Park Ridge,Illinois,60068,Central
MH-17785,Corporate,51,United States,Lindenhurst,New York,11757,East
JP-15520,Consumer,54,United States,San Francisco,California,94110,West
JE-15475,Consumer,30,United States,Troy,New York,12180,East
JG-15805,Corporate,26,United States,New York City,New York,10024,East
XP-21865,Consumer,32,United States,San Diego,California,92024,West
EM-14065,Consumer,48,United States,New York City,New York,10024,East
MT-18070,Home Office,69,United States,Los Angeles,California,90045,West
SA-20830,Consumer,34,United States,Chicago,Illinois,60610,Central
CW-11905,Home Office,31,United States,Huntsville,Texas,77340,Central
AJ-10960,Consumer,30,United States,Rochester,New York,14609,East
SS-20590,Consumer,51,United States,Seattle,Washington,98115,West
RO-19780,Consumer,25,United States,Memphis,Tennessee,38109,South
MD-17350,Consumer,31,United States,Fayetteville,Arkansas,72701,South
MY-17380,Corporate,70,United States,Parker,Colorado,80134,West
CM-12385,Consumer,19,United States,Atlanta,Georgia,30318,South
LS-17245,Consumer,59,United States,Gladstone,Missouri,64118,Central
BN-11515,Consumer,63,United States,Los Angeles,California,90049,West
DB-13210,Consumer,41,United States,Houston,Texas,77041,Central
MC-17605,Corporate,49,United States,Detroit,Michigan,48234,Central
BD-11605,Consumer,40,United States,Lawrence,Massachusetts,1841,East
PH-18790,Home Office,55,United States,Lakeland,Florida,33801,South
MG-18145,Consumer,51,United States,Philadelphia,Pennsylvania,19134,East
KB-16240,Corporate,42,United States,Los Angeles,California,90036,West
JC-15340,Consumer,39,United States,Los Angeles,California,90032,West
RL-19615,Consumer,53,United States,Montgomery,Alabama,36116,South
AA-10375,Consumer,22,United States,Mesa,Arizona,85204,West
EP-13915,Consumer,38,United States,Chicago,Illinois,60653,Central
DK-12985,Consumer,58,United States,Henderson,Kentucky,42420,South
BD-11500,Consumer,47,United States,Green Bay,Wisconsin,54302,Central
LM-17065,Consumer,32,United States,Springfield,Ohio,45503,East
AS-10135,Home Office,65,United States,New York City,New York,10035,East
BD-11320,Consumer,68,United States,San Francisco,California,94110,West
GT-14710,Consumer,67,United States,Houston,Texas,77070,Central
AJ-10945,Consumer,62,United States,Wilmington,North Carolina,28403,South
OT-18730,Consumer,39,United States,Los Angeles,California,90045,West
LP-17080,Consumer,22,United States,San Francisco,California,94110,West
CA-12775,Consumer,57,United States,Tampa,Florida,33614,South
JF-15490,Consumer,38,United States,Seattle,Washington,98105,West
FP-14320,Consumer,20,United States,Los Angeles,California,90008,West
EB-13840,Corporate,25,United States,Seattle,Washington,98105,West
JF-15415,Consumer,40,United States,New York City,New York,10024,East
SF-20200,Consumer,38,United States,Marysville,Washington,98270,West
TG-21640,Consumer,41,United States,Long Beach,California,90805,West
CS-11950,Consumer,18,United States,Chicago,Illinois,60610,Central
CC-12145,Consumer,21,United States,Los Angeles,California,90004,West
DV-13465,Consumer,60,United States,Denver,Colorado,80219,West
BD-11725,Consumer,36,United States,Richmond,Kentucky,40475,South
ZC-21910,Consumer,61,United States,Salem,Oregon,97301,West
MS-17830,Consumer,61,United States,Laredo,Texas,78041,Central
LR-16915,Consumer,35,United States,San Diego,California,92024,West
TP-21130,Consumer,64,United States,Philadelphia,Pennsylvania,19134,East
CK-12205,Consumer,61,United States,Philadelphia,Pennsylvania,19120,East
AS-10240,Consumer,68,United States,Tampa,Florida,33614,South
AR-10510,Consumer,58,United States,Philadelphia,Pennsylvania,19134,East
NB-18655,Corporate,42,United States,Dallas,Texas,75217,Central
GD-14590,Corporate,62,United States,Philadelphia,Pennsylvania,19143,East
CK-12595,Consumer,60,United States,Grove City,Ohio,43123,East
NG-18355,Corporate,57,United States,New York City,New York,10011,East
CA-12265,Consumer,49,United States,Chicago,Illinois,60610,Central
SF-20965,Corporate,64,United States,Dearborn,Michigan,48126,Central
MO-17800,Home Office,22,United States,New York City,New York,10009,East
AT-10735,Consumer,30,United States,Seattle,Washington,98115,West
FM-14380,Consumer,30,United States,Aurora,Colorado,80013,West
DJ-13420,Corporate,21,United States,Warner Robins,Georgia,31088,South
ME-17725,Consumer,50,United States,Aurora,Colorado,80013,West
JD-16150,Corporate,37,United States,Minneapolis,Minnesota,55407,Central
JL-15835,Consumer,57,United States,Mission Viejo,California,92691,West
SC-20305,Consumer,30,United States,Rochester Hills,Michigan,48307,Central
CC-12430,Home Office,66,United States,Columbus,Indiana,47201,Central
AR-10825,Corporate,39,United States,Vancouver,Washington,98661,West
SR-20740,Home Office,19,United States,New York City,New York,10024,East
CR-12730,Consumer,25,United States,Columbus,Ohio,43229,East
EH-14125,Home Office,41,United States,Aurora,Illinois,60505,Central
SP-20545,Corporate,68,United States,New York City,New York,10011,East
TH-21235,Corporate,28,United States,Dallas,Texas,75081,Central
RP-19390,Consumer,44,United States,Cleveland,Ohio,44105,East
RB-19570,Consumer,57,United States,Columbus,Indiana,47201,Central
CD-11980,Consumer,61,United States,Tyler,Texas,75701,Central
DJ-13630,Consumer,41,United States,New York City,New York,10024,East
GT-14635,Corporate,19,United States,Burlington,North Carolina,27217,South
MC-17845,Consumer,50,United States,Jackson,Mississippi,39212,South
RA-19285,Consumer,45,United States,New York City,New York,10035,East
NP-18325,Consumer,70,United States,Waynesboro,Virginia,22980,South
AB-10165,Consumer,22,United States,Los Angeles,California,90036,West
JO-15550,Home Office,58,United States,Chester,Pennsylvania,19013,East
JK-15370,Consumer,27,United States,Long Beach,California,90805,West
BN-11470,Corporate,20,United States,Cary,North Carolina,27511,South
DP-13165,Consumer,50,United States,New York City,New York,10035,East
TH-21550,Home Office,48,United States,New York City,New York,10035,East
AP-10915,Consumer,61,United States,Palm Coast,Florida,32137,South
RS-19765,Corporate,45,United States,Mount Vernon,New York,10550,East
SV-20365,Consumer,22,United States,Dover,Delaware,19901,East
CK-12325,Home Office,53,United States,Orem,Utah,84057,West
RD-19810,Home Office,35,United States,Los Angeles,California,90045,West
MR-17545,Home Office,37,United States,Philadelphia,Pennsylvania,19140,East
SC-20695,Corporate,46,United States,Hialeah,Florida,33012,South
JF-15355,Consumer,70,United States,Austin,Texas,78745,Central
EG-13900,Consumer,60,United States,Oceanside,New York,11572,East
DS-13030,Home Office,62,United States,Seattle,Washington,98115,West
PO-19195,Home Office,45,United States,Naperville,Illinois,60540,Central
SS-20875,Consumer,18,United States,Dallas,Texas,75220,Central
PB-19105,Consumer,32,United States,Evanston,Illinois,60201,Central
RF-19735,Consumer,38,United States,Trenton,Michigan,48183,Central
YC-21895,Corporate,42,United States,San Francisco,California,94110,West
DC-13285,Consumer,48,United States,Cottage Grove,Minnesota,55016,Central
CP-12340,Corporate,38,United States,New York City,New York,10009,East
BF-11020,Corporate,67,United States,Green Bay,Wisconsin,54302,Central
LH-17020,Consumer,60,United States,Columbus,Ohio,43229,East
CS-12250,Corporate,59,United States,Bossier City,Louisiana,71111,South
AJ-10795,Corporate,27,United States,Saint Petersburg,Florida,33710,South
BV-11245,Corporate,46,United States,Des Moines,Iowa,50315,Central
DL-12865,Consumer,26,United States,Cincinnati,Ohio,45231,East
BM-11785,Consumer,31,United States,Columbus,Ohio,43229,East
LT-17110,Consumer,51,United States,Lancaster,California,93534,West
JK-15730,Consumer,69,United States,Asheville,North Carolina,28806,South
ES-14020,Consumer,47,United States,San Francisco,California,94110,West
RH-19495,Consumer,19,United States,Rochester,Minnesota,55901,Central
CD-11920,Consumer,51,United States,Lake Elsinore,California,92530,West
HW-14935,Corporate,55,United States,San Diego,California,92105,West
MC-18130,Corporate,59,United States,Monroe,Louisiana,71203,South
GM-14440,Consumer,19,United States,San Francisco,California,94122,West
PJ-19015,Consumer,48,United States,Santa Ana,California,92704,West
BW-11110,Corporate,50,United States,Milwaukee,Wisconsin,53209,Central
TR-21325,Consumer,45,United States,Belleville,New Jersey,7109,East
PG-18820,Consumer,38,United States,San Francisco,California,94110,West
JL-15175,Home Office,25,United States,Columbia,Tennessee,38401,South
BM-11650,Corporate,48,United States,New York City,New York,10035,East
EM-14095,Corporate,56,United States,Los Angeles,California,90036,West
AF-10885,Consumer,40,United States,Louisville,Kentucky,40214,South
GA-14725,Consumer,32,United States,Lorain,Ohio,44052,East
CK-12760,Corporate,18,United States,Linden,New Jersey,7036,East
DP-13105,Corporate,66,United States,Salinas,California,93905,West
BK-11260,Consumer,37,United States,New York City,New York,10035,East
SJ-20125,Home Office,38,United States,New Brunswick,New Jersey,8901,East
CM-12445,Consumer,27,United States,San Francisco,California,94122,West
AJ-10780,Corporate,47,United States,Springfield,Virginia,22153,South
LS-16945,Corporate,21,United States,Philadelphia,Pennsylvania,19140,East
GP-14740,Corporate,28,United States,Lancaster,Pennsylvania,17602,East
PK-18910,Home Office,42,United States,Philadelphia,Pennsylvania,19143,East
SM-20005,Consumer,51,United States,New York City,New York,10009,East
AG-10765,Home Office,40,United States,Philadelphia,Pennsylvania,19120,East
PM-19135,Home Office,65,United States,Detroit,Michigan,48227,Central
LL-16840,Consumer,29,United States,Rochester,New York,14609,East
JS-15595,Corporate,65,United States,Los Angeles,California,90045,West
EL-13735,Home Office,42,United States,Columbia,Maryland,21044,East
PC-18745,Corporate,25,United States,San Francisco,California,94122,West
HL-15040,Consumer,65,United States,Houston,Texas,77095,Central
MS-17365,Consumer,55,United States,Detroit,Michigan,48227,Central
GB-14530,Corporate,41,United States,Auburn,New York,13021,East
JR-16210,Corporate,68,United States,Springfield,Ohio,45503,East
BE-11335,Home Office,20,United States,Jackson,Michigan,49201,Central
SC-20050,Home Office,38,United States,Norwich,Connecticut,6360,East
RW-19630,Corporate,23,United States,Dallas,Texas,75220,Central
SE-20110,Consumer,28,United States,New York City,New York,10009,East
AH-10075,Corporate,21,United States,New York City,New York,10011,East
JM-15535,Consumer,36,United States,Philadelphia,Pennsylvania,19143,East
JJ-15760,Home Office,59,United States,Springfield,Virginia,22153,South
RK-19300,Consumer,29,United States,Philadelphia,Pennsylvania,19140,East
CG-12040,Home Office,27,United States,Philadelphia,Pennsylvania,19120,East
RP-19270,Corporate,47,United States,Riverside,California,92503,West
KC-16255,Corporate,23,United States,San Francisco,California,94110,West
KH-16360,Consumer,69,United States,Philadelphia,Pennsylvania,19143,East
GH-14665,Consumer,67,United States,Round Rock,Texas,78664,Central
SW-20275,Consumer,35,United States,Jackson,Mississippi,39212,South
JA-15970,Consumer,56,United States,Phoenix,Arizona,85023,West
DL-12925,Consumer,23,United States,Oceanside,California,92054,West
LW-16990,Corporate,58,United States,San Francisco,California,94110,West
TB-21190,Home Office,29,United States,Fayetteville,Arkansas,72701,South
BS-11800,Home Office,53,United States,New York City,New York,10011,East
RW-19690,Consumer,29,United States,Wilmington,North Carolina,28403,South
TZ-21580,Consumer,65,United States,Louisville,Colorado,80027,West
AS-10630,Home Office,54,United States,Pasadena,Texas,77506,Central
TS-21340,Consumer,67,United States,Houston,Texas,77041,Central
SL-20155,Home Office,55,United States,Jacksonville,Florida,32216,South
MW-18235,Corporate,30,United States,Virginia Beach,Virginia,23464,South
RD-19585,Consumer,60,United States,Henderson,Kentucky,42420,South
RA-19945,Consumer,39,United States,Murrieta,California,92563,West
MT-17815,Consumer,58,United States,Scottsdale,Arizona,85254,West
VG-21790,Consumer,44,United States,San Diego,California,92037,West
JS-15880,Consumer,60,United States,Seattle,Washington,98103,West
KM-16225,Corporate,57,United States,New York City,New York,10011,East
HR-14770,Home Office,67,United States,Los Angeles,California,90045,West
DE-13255,Home Office,42,United States,Springfield,Ohio,45503,East
AG-10390,Consumer,47,United States,Cincinnati,Ohio,45231,East
JJ-15445,Consumer,47,United States,Los Angeles,California,90004,West
JH-15430,Consumer,48,United States,Burlington,North Carolina,27217,South
RD-19660,Home Office,53,United States,Saint Peters,Missouri,63376,Central
MO-17500,Consumer,25,United States,New York City,New York,10035,East
NS-18640,Corporate,37,United States,Chicago,Illinois,60610,Central
DG-13300,Corporate,60,United States,Philadelphia,Pennsylvania,19134,East
NF-18595,Home Office,42,United States,New York City,New York,10009,East
MG-17650,Home Office,53,United States,Philadelphia,Pennsylvania,19143,East
TS-21160,Corporate,27,United States,Toledo,Ohio,43615,East
BD-11620,Consumer,46,United States,San Francisco,California,94122,West
CM-12160,Consumer,58,United States,Brownsville,Texas,78521,Central
SN-20560,Home Office,65,United States,Los Angeles,California,90008,West
EH-14005,Home Office,38,United States,Denver,Colorado,80219,West
FO-14305,Consumer,22,United States,New York City,New York,10035,East
MS-17710,Consumer,46,United States,Mesa,Arizona,85204,West
CC-12100,Home Office,30,United States,Columbus,Indiana,47201,Central
DW-13540,Consumer,60,United States,Seattle,Washington,98105,West
BT-11395,Corporate,32,United States,Detroit,Michigan,48227,Central
CY-12745,Corporate,36,United States,Oakland,California,94601,West
BT-11485,Home Office,66,United States,Clinton,Maryland,20735,East
PS-19045,Home Office,23,United States,Charlotte,North Carolina,28205,South
PV-18985,Home Office,64,United States,San Francisco,California,94122,West
NM-18520,Consumer,45,United States,Riverside,California,92503,West
DL-13495,Corporate,52,United States,San Francisco,California,94110,West
CS-12355,Consumer,63,United States,Roswell,Georgia,30076,South
FH-14275,Corporate,26,United States,La Porte,Indiana,46350,Central
NC-18340,Consumer,45,United States,Lansing,Michigan,48911,Central
AA-10315,Consumer,66,United States,Minneapolis,Minnesota,55407,Central
LT-16765,Consumer,42,United States,Escondido,California,92025,West
AP-10720,Home Office,18,United States,New York City,New York,10035,East
PM-18940,Consumer,41,United States,Jackson,Michigan,49201,Central
AT-10435,Home Office,19,United States,Los Angeles,California,90004,West
CA-12055,Home Office,67,United States,Houston,Texas,77070,Central
HR-14830,Corporate,69,United States,Seattle,Washington,98103,West
BT-11530,Home Office,34,United States,Los Angeles,California,90036,West
LH-16750,Consumer,37,United States,Charlotte,North Carolina,28205,South
SW-20755,Corporate,57,United States,New York City,New York,10009,East
SP-20620,Corporate,32,United States,Philadelphia,Pennsylvania,19134,East
BF-11170,Home Office,19,United States,Los Angeles,California,90036,West
KT-16480,Consumer,51,United States,Buffalo,New York,14215,East
BG-11695,Corporate,46,United States,Cincinnati,Ohio,45231,East
GM-14680,Consumer,69,United States,Seattle,Washington,98105,West
EJ-14155,Consumer,22,United States,Gulfport,Mississippi,39503,South
NP-18700,Consumer,32,United States,Fresno,California,93727,West
MH-18115,Home Office,25,United States,Chester,Pennsylvania,19013,East
JR-15700,Consumer,69,United States,Jacksonville,Florida,32216,South
SM-20950,Corporate,54,United States,Greenville,North Carolina,27834,South
CC-12220,Consumer,18,United States,La Porte,Indiana,46350,Central
PF-19225,Consumer,49,United States,San Francisco,California,94122,West
DC-12850,Consumer,50,United States,Florence,Alabama,35630,South
BD-11770,Consumer,50,United States,Houston,Texas,77070,Central
GM-14500,Consumer,41,United States,Providence,Rhode Island,2908,East
TB-21355,Corporate,53,United States,New York City,New York,10009,East
JH-16180,Consumer,57,United States,Pueblo,Colorado,81001,West
EB-13975,Corporate,53,United States,Fairfield,California,94533,West
QJ-19255,Corporate,48,United States,Saint Paul,Minnesota,55106,Central
TC-21535,Home Office,57,United States,Arlington,Virginia,22204,South
CS-12460,Consumer,44,United States,Columbus,Georgia,31907,South
HG-14965,Corporate,32,United States,Los Angeles,California,90032,West
LW-16825,Corporate,64,United States,Deltona,Florida,32725,South
MC-17575,Consumer,25,United States,Cincinnati,Ohio,45231,East
LP-17095,Consumer,58,United States,Murray,Kentucky,42071,South
EB-14170,Consumer,64,United States,Wilmington,North Carolina,28403,South
GZ-14545,Corporate,56,United States,Lawrence,Massachusetts,1841,East
CP-12085,Corporate,62,United States,Norwich,Connecticut,6360,East
FG-14260,Home Office,67,United States,San Francisco,California,94110,West
LD-17005,Consumer,65,United States,San Francisco,California,94109,West
AB-10255,Home Office,34,United States,Lorain,Ohio,44052,East
MN-17935,Consumer,41,United States,Dallas,Texas,75220,Central
JR-15670,Consumer,18,United States,Middletown,Connecticut,6457,East
JF-15190,Consumer,26,United States,Los Angeles,California,90008,West
CM-12115,Consumer,50,United States,New York City,New York,10011,East
AS-10045,Corporate,42,United States,Jacksonville,North Carolina,28540,South
BP-11290,Consumer,26,United States,Evanston,Illinois,60201,Central
ND-18370,Consumer,41,United States,Louisville,Kentucky,40214,South
LB-16735,Consumer,65,United States,Fort Worth,Texas,76106,Central
KT-16465,Consumer,24,United States,Los Angeles,California,90049,West
HM-14860,Corporate,64,United States,Philadelphia,Pennsylvania,19120,East
AB-10600,Corporate,34,United States,Tucson,Arizona,85705,West
SZ-20035,Home Office,39,United States,Pico Rivera,California,90660,West
MG-17890,Home Office,31,United States,Clinton,Maryland,20735,East
JK-16120,Home Office,67,United States,Aurora,Illinois,60505,Central
PP-18955,Home Office,44,United States,Smyrna,Georgia,30080,South
YS-21880,Corporate,31,United States,Burlington,North Carolina,27217,South
KM-16375,Home Office,70,United States,Salem,Virginia,24153,South
AB-10105,Consumer,63,United States,Phoenix,Arizona,85023,West
HA-14905,Consumer,58,United States,New York City,New York,10024,East
BT-11305,Home Office,38,United States,Costa Mesa,California,92627,West
SV-20815,Corporate,42,United States,Houston,Texas,77041,Central
RW-19540,Corporate,52,United States,Mesa,Arizona,85204,West
DK-12835,Corporate,57,United States,Salinas,California,93905,West
ST-20530,Consumer,26,United States,Parma,Ohio,44134,East
MM-17920,Consumer,41,United States,San Francisco,California,94110,West
PW-19030,Corporate,47,United States,Richmond,Kentucky,40475,South
SC-20440,Corporate,28,United States,Aurora,Colorado,80013,West
TS-21085,Consumer,21,United States,Phoenix,Arizona,85023,West
MC-17425,Corporate,50,United States,Mobile,Alabama,36608,South
ME-17320,Home Office,48,United States,Columbus,Georgia,31907,South
NH-18610,Corporate,44,United States,Irving,Texas,75061,Central
MB-18085,Consumer,54,United States,Vineland,New Jersey,8360,East
KD-16495,Corporate,68,United States,New York City,New York,10009,East
KN-16390,Corporate,43,United States,Los Angeles,California,90004,West
NP-18685,Home Office,42,United States,Niagara Falls,New York,14304,East
CS-12505,Consumer,41,United States,Thomasville,North Carolina,27360,South
MS-17770,Consumer,47,United States,New York City,New York,10035,East
CM-12655,Home Office,33,United States,Los Angeles,California,90008,West
Co-12640,Consumer,55,United States,Philadelphia,Pennsylvania,19143,East
TS-21370,Corporate,62,United States,New York City,New York,10035,East
JW-15220,Corporate,24,United States,Vancouver,Washington,98661,West
JD-15790,Consumer,26,United States,Coppell,Texas,75019,Central
PC-19000,Home Office,49,United States,Los Angeles,California,90004,West
AR-10540,Consumer,48,United States,New York City,New York,10024,East
AI-10855,Consumer,35,United States,Philadelphia,Pennsylvania,19120,East
TB-21400,Consumer,37,United States,Seattle,Washington,98105,West
PL-18925,Home Office,20,United States,Chicago,Illinois,60610,Central
GH-14425,Consumer,63,United States,Tucson,Arizona,85705,West
MP-18175,Home Office,34,United States,Laguna Niguel,California,92677,West
JM-15655,Corporate,28,United States,Bridgeton,New Jersey,8302,East
CL-11890,Consumer,63,United States,Everett,Massachusetts,2149,East
DB-13270,Home Office,24,United States,San Diego,California,92024,West
IG-15085,Consumer,63,United States,San Diego,California,92024,West
BO-11425,Consumer,63,United States,Richmond,Kentucky,40475,South
AB-10150,Consumer,65,United States,Long Beach,New York,11561,East
JW-16075,Consumer,25,United States,Philadelphia,Pennsylvania,19140,East
EB-13750,Corporate,20,United States,Seattle,Washington,98103,West
SG-20470,Consumer,44,United States,New York City,New York,10011,East
CM-12190,Consumer,66,United States,Philadelphia,Pennsylvania,19134,East
AW-10840,Consumer,37,United States,Allen,Texas,75002,Central
MC-18100,Consumer,65,United States,El Paso,Texas,79907,Central
TT-21460,Home Office,22,United States,Aurora,Illinois,60505,Central
VG-21805,Corporate,54,United States,Virginia Beach,Virginia,23464,South
MY-18295,Corporate,25,United States,Grapevine,Texas,76051,Central
RD-19480,Consumer,47,United States,Olympia,Washington,98502,West
DP-13390,Home Office,44,United States,Peoria,Illinois,61604,Central
ML-17395,Corporate,44,United States,Los Angeles,California,90008,West
JC-15385,Consumer,35,United States,Kent,Washington,98031,West
JG-15160,Consumer,37,United States,Los Angeles,California,90049,West
MC-17275,Consumer,24,United States,Lafayette,Louisiana,70506,South
NW-18400,Consumer,29,United States,Tigard,Oregon,97224,West
TB-21280,Consumer,24,United States,Washington,District of Columbia,20016,East
BS-11380,Corporate,53,United States,Skokie,Illinois,60076,Central
HH-15010,Corporate,58,United States,San Francisco,California,94110,West
CD-12280,Consumer,42,United States,Seattle,Washington,98105,West
TH-21100,Consumer,21,United States,Los Angeles,California,90045,West
MM-18055,Consumer,19,United States,Seattle,Washington,98115,West
NS-18505,Consumer,54,United States,Dallas,Texas,75217,Central
RB-19645,Corporate,40,United States,North Las Vegas,Nevada,89031,West
SW-20455,Consumer,21,United States,Suffolk,Virginia,23434,South
EB-13930,Consumer,63,United States,San Francisco,California,94110,West
PS-18760,Consumer,36,United States,Los Angeles,California,90008,West
HF-14995,Consumer,19,United States,Indianapolis,Indiana,46203,Central
HZ-14950,Consumer,32,United States,Columbus,Ohio,43229,East
CD-12790,Home Office,70,United States,San Diego,California,92037,West
JK-15205,Consumer,48,United States,San Francisco,California,94122,West
FM-14215,Corporate,62,United States,Dublin,Ohio,43017,East
ED-13885,Home Office,28,United States,San Diego,California,92037,West
DA-13450,Home Office,38,United States,Houston,Texas,77095,Central
JW-15955,Consumer,45,United States,Oakland,California,94601,West
RM-19375,Consumer,39,United States,Houston,Texas,77095,Central
ML-17755,Home Office,22,United States,Suffolk,Virginia,23434,South
CC-12685,Consumer,59,United States,Greensboro,North Carolina,27405,South
JE-15610,Corporate,38,United States,Milwaukee,Wisconsin,53209,Central
RP-19855,Corporate,50,United States,Kenosha,Wisconsin,53142,Central
TB-21175,Corporate,45,United States,Houston,Texas,77041,Central
BE-11455,Home Office,20,United States,Olathe,Kansas,66062,Central
JF-15565,Consumer,36,United States,Dallas,Texas,75081,Central
PB-19210,Corporate,32,United States,Tulsa,Oklahoma,74133,Central
BT-11680,Consumer,70,United States,Newark,Ohio,43055,East
JL-15235,Consumer,29,United States,Chicago,Illinois,60623,Central
CH-12070,Home Office,36,United States,Raleigh,North Carolina,27604,South
ND-18460,Corporate,33,United States,Macon,Georgia,31204,South
BF-10975,Corporate,47,United States,Charlotte,North Carolina,28205,South
KH-16330,Corporate,66,United States,Bowling Green,Kentucky,42104,South
GW-14605,Consumer,49,United States,Seattle,Washington,98115,West
NC-18625,Corporate,48,United States,Aurora,Colorado,80013,West
ME-18010,Corporate,34,United States,San Francisco,California,94122,West
BP-11230,Consumer,19,United States,Spokane,Washington,99207,West
JC-15775,Consumer,22,United States,San Antonio,Texas,78207,Central
AS-10090,Consumer,46,United States,Charlottesville,Virginia,22901,South
AC-10450,Consumer,46,United States,Minneapolis,Minnesota,55407,Central
MD-17860,Corporate,21,United States,Indianapolis,Indiana,46203,Central
DB-13660,Consumer,21,United States,Oceanside,New York,11572,East
EH-13990,Consumer,22,United States,Roswell,Georgia,30076,South
EH-13765,Corporate,44,United States,Watertown,New York,13601,East
SC-20230,Corporate,20,United States,Arlington,Texas,76017,Central
JE-15715,Consumer,44,United States,Broomfield,Colorado,80020,West
AC-10615,Corporate,61,United States,New York City,New York,10009,East
JD-16015,Consumer,23,United States,Chicago,Illinois,60610,Central
CB-12415,Consumer,47,United States,Columbus,Ohio,43229,East
JS-16030,Consumer,51,United States,Houston,Texas,77036,Central
LW-17215,Consumer,60,United States,Pasadena,California,91104,West
SC-20800,Consumer,20,United States,Houston,Texas,77041,Central
AM-10705,Consumer,28,United States,Auburn,Alabama,36830,South
RH-19510,Home Office,67,United States,Providence,Rhode Island,2908,East
CT-11995,Consumer,57,United States,Rochester,Minnesota,55901,Central
MC-17590,Corporate,36,United States,Perth Amboy,New Jersey,8861,East
CC-12610,Corporate,18,United States,Philadelphia,Pennsylvania,19134,East
KA-16525,Consumer,59,United States,Ontario,California,91761,West
TC-20980,Corporate,29,United States,Seattle,Washington,98105,West
BF-11080,Consumer,23,United States,Baltimore,Maryland,21215,East
MM-17260,Consumer,49,United States,Wilmington,Delaware,19805,East
AH-10120,Home Office,27,United States,Tucson,Arizona,85705,West
BW-11200,Consumer,31,United States,Boynton Beach,Florida,33437,South
SW-20245,Consumer,20,United States,Stockton,California,95207,West
BS-11665,Consumer,21,United States,Philadelphia,Pennsylvania,19143,East
RF-19345,Corporate,48,United States,Dover,New Hampshire,3820,East
WB-21850,Consumer,38,United States,Philadelphia,Pennsylvania,19134,East
TB-21625,Consumer,63,United States,Grand Prairie,Texas,75051,Central
AF-10870,Consumer,63,United States,College Station,Texas,77840,Central
RB-19435,Consumer,18,United States,Saint Louis,Missouri,63116,Central
KF-16285,Home Office,65,United States,Manteca,California,95336,West
JH-15820,Consumer,37,United States,Kent,Ohio,44240,East
IL-15100,Consumer,53,United States,San Francisco,California,94122,West
PB-18805,Home Office,61,United States,Salt Lake City,Utah,84106,West
RH-19600,Consumer,21,United States,Huntsville,Alabama,35810,South
AW-10930,Home Office,58,United States,Aurora,Illinois,60505,Central
ML-17410,Consumer,30,United States,Fairfield,Connecticut,6824,East
DB-13555,Corporate,58,United States,Jacksonville,Florida,32216,South
MH-17620,Corporate,22,United States,San Francisco,California,94110,West
DK-13375,Consumer,56,United States,Marion,Ohio,43302,East
BT-11440,Consumer,20,United States,Littleton,Colorado,80122,West
DB-13405,Consumer,41,United States,La Porte,Indiana,46350,Central
TG-21310,Consumer,68,United States,Los Angeles,California,90049,West
BF-11005,Home Office,56,United States,Pasadena,California,91104,West
JM-16195,Consumer,18,United States,Los Angeles,California,90004,West
MZ-17335,Home Office,29,United States,San Diego,California,92024,West
MW-18220,Consumer,69,United States,New York City,New York,10035,East
MV-17485,Consumer,54,United States,Arlington,Virginia,22204,South
SM-20320,Home Office,62,United States,Monroe,North Carolina,28110,South
TP-21415,Consumer,52,United States,Seattle,Washington,98115,West
JK-15625,Consumer,34,United States,Seattle,Washington,98115,West
PJ-18835,Corporate,19,United States,Murfreesboro,Tennessee,37130,South
RS-19420,Corporate,44,United States,Seattle,Washington,98115,West
SV-20935,Consumer,53,United States,New York City,New York,10009,East
BC-11125,Home Office,35,United States,Peoria,Arizona,85345,West
EM-13825,Corporate,63,United States,Sioux Falls,South Dakota,57103,Central
BM-11575,Corporate,22,United States,New York City,New York,10035,East
KN-16705,Home Office,65,United States,Fort Collins,Colorado,80525,West
KW-16570,Consumer,50,United States,Clarksville,Tennessee,37042,South
SC-20260,Corporate,24,United States,San Francisco,California,94122,West
CV-12295,Consumer,58,United States,Fresno,California,93727,West
SG-20605,Consumer,69,United States,New York City,New York,10009,East
TM-21010,Consumer,31,United States,San Francisco,California,94122,West
EM-13810,Corporate,59,United States,Los Angeles,California,90036,West
ML-18040,Corporate,22,United States,Albuquerque,New Mexico,87105,West
CR-12580,Home Office,52,United States,Elmhurst,Illinois,60126,Central
AZ-10750,Consumer,59,United States,New York City,New York,10009,East
PW-19240,Consumer,70,United States,Louisville,Colorado,80027,West
SC-20380,Consumer,68,United States,Seattle,Washington,98115,West
CM-11935,Consumer,56,United States,Fayetteville,North Carolina,28314,South
GM-14695,Corporate,49,United States,Los Angeles,California,90036,West
TB-21250,Consumer,39,United States,New York City,New York,10024,East
JM-15865,Consumer,66,United States,Jamestown,New York,14701,East
SC-20575,Consumer,58,United States,Mishawaka,Indiana,46544,Central
LS-17200,Corporate,59,United States,Skokie,Illinois,60076,Central
RR-19315,Consumer,31,United States,San Francisco,California,94110,West
DB-12910,Home Office,38,United States,Tampa,Florida,33614,South
TT-21220,Consumer,47,United States,Houston,Texas,77041,Central
LO-17170,Corporate,29,United States,La Quinta,California,92253,West
KD-16615,Corporate,41,United States,Scottsdale,Arizona,85254,West
NB-18580,Corporate,33,United States,Philadelphia,Pennsylvania,19134,East
BD-11635,Consumer,42,United States,Bowling Green,Kentucky,42104,South
CM-12235,Consumer,35,United States,Carrollton,Texas,75007,Central
EN-13780,Consumer,64,United States,New York City,New York,10035,East
KN-16450,Corporate,47,United States,Jacksonville,Florida,32216,South
BO-11350,Corporate,46,United States,Los Angeles,California,90045,West
AG-10300,Corporate,68,United States,Los Angeles,California,90049,West
MC-17635,Corporate,49,United States,Saint Louis,Missouri,63116,Central
TA-21385,Home Office,19,United States,New York City,New York,10024,East
JF-15295,Consumer,59,United States,Seattle,Washington,98103,West
TT-21265,Corporate,69,United States,Los Angeles,California,90045,West
SB-20170,Consumer,62,United States,New York City,New York,10035,East
CL-12700,Home Office,36,United States,Springfield,Missouri,65807,Central
HG-15025,Consumer,30,United States,Amarillo,Texas,79109,Central
NL-18310,Home Office,69,United States,Los Angeles,California,90045,West
RR-19525,Corporate,51,United States,Lowell,Massachusetts,1852,East
TC-21295,Consumer,31,United States,San Diego,California,92024,West
SV-20785,Consumer,34,United States,Pueblo,Colorado,81001,West
BE-11410,Consumer,54,United States,Lancaster,Ohio,43130,East
SC-20680,Home Office,31,United States,Columbus,Georgia,31907,South
DF-13135,Consumer,45,United States,Vallejo,California,94591,West
FH-14350,Consumer,45,United States,Seattle,Washington,98105,West
MS-17530,Consumer,45,United States,San Diego,California,92037,West
RH-19555,Consumer,61,United States,Tallahassee,Florida,32303,South
GA-14515,Consumer,42,United States,San Francisco,California,94122,West
JP-16135,Home Office,57,United States,Columbus,Georgia,31907,South
Dp-13240,Home Office,64,United States,Murray,Utah,84107,West
MO-17950,Consumer,35,United States,Dallas,Texas,75220,Central
DL-13330,Consumer,69,United States,Las Cruces,New Mexico,88001,West
MH-18025,Consumer,40,United States,Seattle,Washington,98115,West
DR-12940,Home Office,65,United States,Franklin,Massachusetts,2038,East
DM-13015,Consumer,53,United States,Encinitas,California,92024,West
CA-11965,Corporate,19,United States,Hoover,Alabama,35244,South
AC-10660,Consumer,30,United States,Huntsville,Texas,77340,Central
DM-13345,Corporate,46,United States,Roswell,Georgia,30076,South
VF-21715,Home Office,59,United States,Columbus,Indiana,47201,Central
CC-12370,Consumer,38,United States,Fayetteville,North Carolina,28314,South
BF-11275,Corporate,21,United States,Tucson,Arizona,85705,West
HG-14845,Consumer,63,United States,Lake Charles,Louisiana,70601,South
BP-11155,Consumer,46,United States,Columbus,Georgia,31907,South
EM-14140,Home Office,49,United States,Glendale,Arizona,85301,West
MA-17995,Home Office,33,United States,Watertown,New York,13601,East
AY-10555,Corporate,61,United States,Oceanside,California,92054,West
GB-14575,Consumer,50,United States,Philadelphia,Pennsylvania,19134,East
JB-16045,Home Office,65,United States,Columbus,Georgia,31907,South
MG-17875,Home Office,67,United States,New York City,New York,10011,East
SR-20425,Home Office,25,United States,Louisville,Colorado,80027,West
JB-16000,Consumer,46,United States,Brownsville,Texas,78521,Central
DM-12955,Corporate,26,United States,Lincoln Park,Michigan,48146,Central
TC-21475,Home Office,64,United States,Columbus,Georgia,31907,South
SW-20350,Home Office,51,United States,Detroit,Michigan,48227,Central
RE-19450,Consumer,30,United States,Dallas,Texas,75081,Central
BF-11215,Home Office,69,United States,Albuquerque,New Mexico,87105,West
KB-16405,Home Office,34,United States,Apple Valley,California,92307,West
JG-15310,Corporate,61,United States,Providence,Rhode Island,2908,East
EC-14050,Consumer,52,United States,New York City,New York,10024,East
EB-14110,Consumer,44,United States,Philadelphia,Pennsylvania,19134,East
JP-15460,Corporate,69,United States,Oceanside,New York,11572,East
CS-11845,Corporate,24,United States,Seattle,Washington,98105,West
GH-14410,Home Office,42,United States,Glendale,Arizona,85301,West
PT-19090,Consumer,48,United States,Houston,Texas,77070,Central
JL-15130,Consumer,63,United States,Houston,Texas,77036,Central
AH-10030,Corporate,60,United States,Philadelphia,Pennsylvania,19134,East
CC-12475,Consumer,48,United States,New York City,New York,10024,East
DW-13195,Corporate,55,United States,Houston,Texas,77095,Central
SJ-20215,Consumer,50,United States,Grand Prairie,Texas,75051,Central
BG-11740,Consumer,39,United States,Philadelphia,Pennsylvania,19120,East
LB-16795,Home Office,18,United States,Highland Park,Illinois,60035,Central
CM-11815,Corporate,28,United States,Pasadena,Texas,77506,Central
EH-14185,Consumer,31,United States,Decatur,Alabama,35601,South
TS-21505,Consumer,32,United States,Columbia,Tennessee,38401,South
PR-18880,Consumer,44,United States,Oakland,California,94601,West
LC-17050,Consumer,60,United States,Mission Viejo,California,92691,West
CS-12490,Corporate,32,United States,Conroe,Texas,77301,Central
DH-13075,Corporate,58,United States,Richmond,Kentucky,40475,South
JO-15145,Corporate,68,United States,Philadelphia,Pennsylvania,19140,East
AH-10690,Corporate,39,United States,New York City,New York,10024,East
HJ-14875,Home Office,32,United States,Jacksonville,Florida,32216,South
MH-17455,Consumer,49,United States,Jacksonville,North Carolina,28540,South
RD-19930,Consumer,67,United States,Austin,Texas,78745,Central
SC-20020,Consumer,56,United States,Plano,Texas,75023,Central
SU-20665,Home Office,30,United States,Jackson,Mississippi,39212,South
FC-14335,Corporate,64,United States,Mesquite,Texas,75150,Central
RB-19330,Consumer,63,United States,Philadelphia,Pennsylvania,19143,East
NC-18535,Corporate,59,United States,Dallas,Texas,75217,Central
DB-12970,Corporate,42,United States,Los Angeles,California,90004,West
MF-17665,Corporate,37,United States,Toledo,Ohio,43615,East
RM-19750,Consumer,66,United States,New York City,New York,10011,East
VM-21835,Consumer,60,United States,Newark,Delaware,19711,East
EJ-13720,Consumer,44,United States,San Diego,California,92037,West
NC-18415,Consumer,29,United States,Jacksonville,North Carolina,28540,South
LS-17230,Consumer,42,United States,Dover,Delaware,19901,East
KE-16420,Corporate,53,United States,Bristol,Tennessee,37620,South
DH-13675,Home Office,65,United States,Quincy,Massachusetts,2169,East
PF-19120,Consumer,48,United States,Gilbert,Arizona,85234,West
VT-21700,Home Office,44,United States,Philadelphia,Pennsylvania,19143,East
MG-17695,Consumer,33,United States,Buffalo,New York,14215,East
SP-20920,Consumer,37,United States,Los Angeles,California,90036,West
CS-12175,Corporate,67,United States,Columbia,Tennessee,38401,South
DK-12895,Consumer,47,United States,Kenosha,Wisconsin,53142,Central
KM-16660,Consumer,57,United States,Roswell,Georgia,30076,South
AA-10645,Consumer,32,United States,Chester,Pennsylvania,19013,East
DD-13570,Consumer,32,United States,Houston,Texas,77041,Central
AH-10465,Consumer,24,United States,New York City,New York,10035,East
TP-21565,Corporate,25,United States,Aurora,Colorado,80013,West
EK-13795,Home Office,25,United States,Santa Ana,California,92704,West
CR-12820,Home Office,38,United States,New York City,New York,10035,East
SG-20890,Corporate,41,United States,Mcallen,Texas,78501,Central
AH-10585,Consumer,34,United States,Chicago,Illinois,60623,Central
NF-18475,Home Office,55,United States,Rockford,Illinois,61107,Central
BS-11365,Corporate,34,United States,New York City,New York,10011,East
SH-20635,Corporate,57,United States,Jackson,Tennessee,38301,South
RD-19720,Consumer,30,United States,Daytona Beach,Florida,32114,South
AG-10330,Consumer,51,United States,Stockton,California,95207,West
GR-14560,Corporate,33,United States,San Francisco,California,94110,West
VS-21820,Consumer,22,United States,Los Angeles,California,90036,West
TM-21490,Consumer,63,United States,Oklahoma City,Oklahoma,73120,Central
TS-21430,Corporate,22,United States,Los Angeles,California,90045,West
DB-13360,Home Office,41,United States,New York City,New York,10009,East
NR-18550,Consumer,21,United States,Aurora,Illinois,60505,Central
CS-11860,Consumer,69,United States,Jacksonville,North Carolina,28540,South
MF-18250,Corporate,34,United States,Los Angeles,California,90036,West
LW-17125,Consumer,55,United States,Norwich,Connecticut,6360,East
AR-10345,Corporate,38,United States,Lawrence,Massachusetts,1841,East
KS-16300,Corporate,53,United States,Lehi,Utah,84043,West
AB-10015,Consumer,66,United States,Seattle,Washington,98103,West
LR-17035,Corporate,62,United States,Philadelphia,Pennsylvania,19134,East
SS-20410,Consumer,35,United States,Los Angeles,California,90008,West
JM-15580,Consumer,37,United States,Monroe,North Carolina,28110,South
JK-15325,Corporate,69,United States,Dallas,Texas,75220,Central
DM-13525,Corporate,18,United States,Houston,Texas,77070,Central
ML-18265,Consumer,51,United States,Seattle,Washington,98103,West
MH-17290,Home Office,39,United States,Los Angeles,California,90036,West
FC-14245,Home Office,20,United States,Lakewood,Ohio,44107,East
TH-21115,Corporate,38,United States,Philadelphia,Pennsylvania,19140,East
JK-16090,Consumer,51,United States,Omaha,Nebraska,68104,Central
SB-20185,Consumer,31,United States,Concord,New Hampshire,3301,East
BG-11035,Consumer,57,United States,Monroe,Louisiana,71203,South
BW-11065,Consumer,30,United States,Raleigh,North Carolina,27604,South
MG-18205,Corporate,55,United States,Jacksonville,Florida,32216,South
DO-13645,Consumer,20,United States,Los Angeles,California,90036,West
BP-11050,Corporate,65,United States,Cranston,Rhode Island,2920,East
TS-21655,Consumer,21,United States,Milwaukee,Wisconsin,53209,Central
EM-14200,Home Office,52,United States,Virginia Beach,Virginia,23464,South
AO-10810,Corporate,66,United States,Los Angeles,California,90045,West
MH-17440,Corporate,47,United States,New York City,New York,10035,East
SS-20515,Home Office,31,United States,Louisville,Kentucky,40214,South
LD-16855,Corporate,52,United States,Chicago,Illinois,60653,Central
VP-21760,Corporate,35,United States,San Francisco,California,94109,West
TC-21145,Corporate,63,United States,Lakewood,New Jersey,8701,East
IM-15055,Consumer,40,United States,Roseville,California,95661,West
AR-10570,Consumer,36,United States,Columbus,Georgia,31907,South
CM-12715,Corporate,53,United States,Huntsville,Texas,77340,Central
FW-14395,Corporate,41,United States,Huntsville,Alabama,35810,South
LC-16960,Home Office,57,United States,Arlington,Virginia,22204,South
HE-14800,Corporate,31,United States,Chicago,Illinois,60623,Central
BD-11560,Home Office,54,United States,Fresno,California,93727,West
HD-14785,Home Office,32,United States,Philadelphia,Pennsylvania,19143,East
CJ-11875,Corporate,64,United States,Philadelphia,Pennsylvania,19140,East
RS-19870,Home Office,39,United States,Burlington,Iowa,52601,Central
SC-20845,Consumer,69,United States,Arlington Heights,Illinois,60004,Central
RE-19405,Consumer,35,United States,Kent,Ohio,44240,East
SM-20905,Consumer,46,United States,Newark,Ohio,43055,East
