ID,age,sex,Chest pain,blood pressure,cholesterol,fbs,restecg,max heart rate,exng,oldpeak,slope,caa,thal rate,output
1,63,Man,3,180,233,TRUE,0,150,No,2.3,0,0,1,Pain
2,37,Man,2,130,250,FALSE,1,187,No,3.5,0,0,2,Pain
3,41,Woman,2,130,204,FALSE,0,172,Yes,2.2,2,0,2,Pain
4,56,Man,3,120,236,FALSE,1,178,No,1,2,0,2,Pain
5,57,Woman,0,120,354,FALSE,1,163,Yes,1.6,2,0,2,Pain
6,57,Man,2,140,192,FALSE,1,148,No,1.4,1,0,1,Pain
7,56,Woman,3,140,294,FALSE,0,153,No,1.3,1,0,2,Pain
8,44,Man,2,120,263,FALSE,1,173,No,0,2,0,3,Pain
9,52,Man,1,172,199,TRUE,1,162,Yes,0.5,2,0,3,Pain
10,57,Man,1,150,168,FALSE,1,174,No,2.6,2,0,2,Pain
11,54,Man,0,140,239,FALSE,1,160,Yes,1.2,2,0,2,Pain
12,48,Woman,3,130,275,FALSE,1,139,Yes,0.8,2,0,2,Pain
13,49,Man,2,130,266,FALSE,1,171,No,0.6,2,0,2,Pain
14,64,Man,3,110,211,FALSE,0,144,Yes,1.8,1,0,2,Pain
15,58,Woman,3,150,283,TRUE,0,162,No,1,2,0,2,Pain
16,50,Woman,2,120,219,FALSE,1,158,Yes,1.6,1,0,2,Pain
17,58,Woman,2,120,340,FALSE,1,172,Yes,0,2,0,2,Pain
18,66,Woman,3,150,226,FALSE,1,114,No,2.6,0,0,2,Pain
19,43,Man,0,150,247,FALSE,1,171,No,1.5,2,0,2,Pain
20,69,Woman,3,140,239,FALSE,1,151,Yes,1.8,2,2,2,Pain
21,59,Man,0,135,234,FALSE,1,161,No,0.9,1,0,3,Pain
22,44,Man,2,130,233,FALSE,1,179,Yes,0.6,2,0,2,Pain
23,42,Man,0,140,226,FALSE,1,178,No,0,2,0,2,Pain
24,61,Man,2,150,243,TRUE,1,137,Yes,1,1,0,2,Pain
25,40,Man,3,140,199,FALSE,1,178,Yes,1.4,2,0,3,Pain
26,71,Woman,1,160,302,FALSE,1,162,No,0.7,2,2,2,Pain
27,59,Man,2,150,212,TRUE,1,157,Yes,1.6,2,0,2,Pain
28,51,Man,2,110,175,FALSE,1,123,No,0.6,2,0,2,Pain
29,65,Woman,2,140,417,TRUE,0,157,Yes,0.8,2,1,2,Pain
30,53,Man,2,130,197,TRUE,0,152,No,1.2,0,0,2,Pain
31,41,Woman,1,105,198,FALSE,1,168,No,0,2,1,2,Pain
32,65,Man,0,120,177,FALSE,1,140,No,0.4,2,0,3,Pain
33,44,Man,1,130,219,FALSE,0,188,No,0,2,0,2,Pain
34,54,Man,2,125,273,FALSE,0,152,No,0.5,0,1,2,Pain
35,51,Man,3,125,213,FALSE,0,125,Yes,1.4,2,1,2,Pain
36,46,Woman,2,142,177,FALSE,0,160,Yes,1.4,0,0,2,Pain
37,54,Woman,2,135,304,TRUE,1,170,No,0,2,0,2,Pain
38,54,Man,2,150,232,FALSE,0,165,Yes,1.6,2,0,3,Pain
39,65,Woman,2,155,269,FALSE,1,148,No,0.8,2,0,2,Pain
40,65,Woman,2,160,360,FALSE,0,151,Yes,0.8,2,0,2,Pain
41,51,Woman,2,140,308,FALSE,0,142,No,1.5,2,1,2,Pain
42,48,Man,1,130,245,FALSE,0,180,No,0.6,1,0,2,Pain
43,45,Man,0,104,208,FALSE,0,148,Yes,3,1,0,2,Pain
44,53,Woman,0,130,264,FALSE,0,143,No,0.4,1,0,2,Pain
45,39,Man,2,140,321,FALSE,0,182,No,0,2,0,2,Pain
46,52,Man,1,120,325,FALSE,1,172,No,0.2,2,0,2,Pain
47,44,Man,2,140,235,FALSE,0,180,Yes,0,2,0,2,Pain
48,47,Man,2,138,257,FALSE,0,156,No,0.9,2,0,2,Pain
49,53,Woman,2,128,216,FALSE,0,115,Yes,0,2,0,0,Pain
50,53,Woman,0,138,234,FALSE,0,160,No,3.2,2,0,2,Pain
51,51,Woman,2,130,256,FALSE,0,149,No,0.5,2,0,2,Pain
52,66,Man,0,120,302,FALSE,0,151,No,0.4,1,0,2,Pain
53,62,Man,2,130,231,FALSE,1,146,No,1.8,1,3,3,Pain
54,44,Woman,2,108,141,FALSE,1,175,No,1.9,1,0,2,Pain
55,63,Woman,2,135,252,FALSE,0,172,No,0,2,0,2,Pain
56,52,Man,1,134,201,FALSE,1,158,No,0.8,2,1,2,Pain
57,48,Man,0,122,222,FALSE,0,186,No,0,2,0,2,Pain
58,45,Man,0,115,260,FALSE,0,185,No,0,2,0,2,Pain
59,34,Man,3,118,182,FALSE,0,174,No,0,2,0,2,Pain
60,57,Woman,0,128,303,FALSE,0,159,No,1.4,2,1,2,Pain
61,71,Woman,2,110,265,TRUE,0,130,No,1.4,2,1,2,Pain
62,54,Man,1,108,309,FALSE,1,156,No,3.4,2,0,3,Pain
63,52,Man,3,118,186,FALSE,0,190,Yes,1.4,1,0,1,Pain
64,41,Man,1,135,203,FALSE,1,132,No,0,1,0,1,Pain
65,58,Man,2,140,211,TRUE,0,165,No,0,2,0,2,Pain
66,35,Woman,0,138,183,FALSE,1,182,No,1.4,2,0,2,Pain
67,51,Man,2,100,222,FALSE,1,143,Yes,1.2,1,0,2,Pain
68,45,Woman,1,130,234,FALSE,0,175,No,0.6,1,0,2,Pain
69,44,Man,1,120,220,FALSE,1,170,No,0,2,0,2,Pain
70,62,Woman,0,124,209,FALSE,1,163,Yes,0,2,0,2,Pain
71,54,Man,2,120,258,FALSE,0,147,Yes,0.4,1,0,3,Pain
72,51,Man,2,94,227,FALSE,1,154,Yes,0,2,1,3,Pain
73,29,Man,1,130,204,FALSE,0,202,No,0,2,0,2,Pain
74,51,Man,0,140,261,FALSE,0,186,Yes,0,2,0,2,Pain
75,43,Woman,2,122,213,FALSE,1,165,No,0.9,1,0,2,Pain
76,55,Woman,1,135,250,FALSE,0,161,No,1.4,1,0,2,Pain
77,51,Man,2,125,245,TRUE,0,166,No,2.4,1,0,2,Pain
78,59,Man,1,140,221,FALSE,1,164,Yes,0,2,0,2,Pain
79,52,Man,1,128,205,TRUE,1,184,No,0,2,0,2,Pain
80,58,Man,2,105,240,FALSE,0,154,Yes,0.6,1,0,3,Pain
81,41,Man,2,112,250,FALSE,1,179,No,0,2,0,2,Pain
82,45,Man,1,128,308,FALSE,0,170,No,0,2,0,2,Pain
83,60,Woman,2,102,318,FALSE,1,160,No,0,2,1,2,Pain
84,52,Man,3,152,298,TRUE,1,178,No,1.2,1,0,3,Pain
85,42,Woman,0,102,265,FALSE,0,122,No,0.6,1,0,2,Pain
86,67,Woman,2,115,564,FALSE,0,160,No,1.6,1,0,3,Pain
87,68,Man,2,118,277,FALSE,1,151,No,1,2,1,3,Pain
88,46,Man,1,101,197,TRUE,1,156,No,0,2,0,3,Pain
89,54,Woman,2,110,214,FALSE,1,158,No,1.6,1,0,2,Pain
90,58,Woman,0,100,248,FALSE,0,122,No,1,1,0,2,Pain
91,48,Man,2,124,255,TRUE,1,175,No,0,2,2,2,Pain
92,57,Man,0,132,207,FALSE,1,168,Yes,0,2,0,3,Pain
93,52,Man,2,138,223,FALSE,1,169,No,0,2,4,2,Pain
94,54,Woman,1,132,288,TRUE,0,159,Yes,0,2,1,2,Pain
95,45,Woman,1,112,160,FALSE,1,138,No,0,1,0,2,Pain
96,53,Man,0,142,226,FALSE,0,111,Yes,0,2,0,3,Pain
97,62,Woman,0,140,394,FALSE,0,157,No,1.2,1,0,2,Pain
98,52,Man,0,108,233,TRUE,1,147,No,0.1,2,3,3,Pain
99,43,Man,2,130,315,FALSE,1,162,No,1.9,2,1,2,Pain
100,53,Man,2,130,246,TRUE,0,173,No,0,2,3,2,Pain
101,42,Man,3,148,244,FALSE,0,178,No,1.6,2,2,2,Pain
102,59,Man,3,178,270,FALSE,0,180,No,4.2,0,0,3,Pain
103,63,Woman,1,140,195,FALSE,1,179,No,0,2,2,2,Pain
104,42,Man,2,120,240,TRUE,1,194,No,4,0,0,3,Pain
105,50,Man,2,129,196,FALSE,1,163,No,0,2,0,2,Pain
106,68,Woman,2,120,211,FALSE,0,115,No,1.5,1,0,2,Pain
107,69,Man,3,160,234,TRUE,0,131,No,0.1,1,1,2,Pain
108,45,Woman,0,138,236,FALSE,0,152,Yes,0.2,1,0,2,Pain
109,50,Woman,1,120,244,FALSE,1,162,No,1.1,2,0,2,Pain
110,50,Woman,0,110,254,FALSE,0,159,No,0,2,0,2,Pain
111,64,Woman,0,180,325,FALSE,1,154,Yes,0,2,0,2,Pain
112,57,Man,2,150,126,TRUE,1,173,No,0.2,2,1,3,Pain
113,64,Woman,2,140,313,FALSE,1,133,Yes,0.2,2,0,3,Pain
114,43,Man,0,110,211,FALSE,1,161,Yes,0,2,0,3,Pain
115,55,Man,1,130,262,FALSE,1,155,Yes,4,2,0,2,Pain
116,37,Woman,2,120,215,FALSE,1,170,Yes,0,2,0,2,Pain
117,41,Man,2,130,214,FALSE,0,168,Yes,2,1,0,2,Pain
118,56,Man,3,120,193,FALSE,0,162,No,1.9,1,0,3,Pain
119,46,Woman,1,105,204,FALSE,1,172,No,0,2,0,2,Pain
120,46,Woman,0,138,243,FALSE,0,152,Yes,3,1,0,2,Pain
121,64,Woman,0,130,303,FALSE,1,122,No,2,1,2,2,Pain
122,59,Man,0,138,271,FALSE,0,182,No,0,2,0,2,Pain
123,41,Woman,2,112,268,FALSE,0,172,Yes,0,2,0,2,Pain
124,54,Woman,2,108,267,FALSE,0,167,No,0,2,0,2,Pain
125,39,Woman,2,94,199,FALSE,1,179,No,3.4,2,0,2,Pain
126,34,Woman,1,118,210,FALSE,1,192,No,0.7,2,0,2,Pain
127,47,Man,0,112,204,FALSE,1,143,No,4.2,2,0,2,Pain
128,67,Woman,2,152,277,FALSE,1,172,No,0,2,1,2,Pain
129,52,Woman,2,136,196,FALSE,0,169,No,0.1,1,0,2,Pain
130,74,Woman,1,120,269,FALSE,0,121,Yes,0.2,2,1,2,Pain
131,54,Woman,2,160,201,FALSE,1,163,No,0,2,1,2,Pain
132,49,Woman,1,134,271,FALSE,1,162,No,0,1,0,2,Pain
133,42,Man,1,120,295,FALSE,1,162,Yes,1.8,2,0,2,Pain
134,41,Man,1,110,235,FALSE,1,153,Yes,0,2,0,2,Pain
135,41,Woman,1,126,306,FALSE,1,163,Yes,1,2,0,2,Pain
136,49,Woman,0,130,269,FALSE,1,163,No,0,2,0,2,Pain
137,60,Woman,2,120,178,TRUE,1,96,No,0,2,0,2,Pain
138,62,Man,1,128,208,TRUE,0,140,No,0,2,0,2,Pain
139,57,Man,0,110,201,FALSE,1,126,Yes,1.5,1,0,1,Pain
140,64,Man,0,128,263,FALSE,1,105,Yes,0.2,1,1,3,Pain
141,51,Woman,2,120,295,FALSE,0,157,No,0.6,2,0,2,Pain
142,43,Man,0,115,303,FALSE,1,181,No,1.2,1,0,2,Pain
143,42,Woman,2,120,209,FALSE,1,173,Yes,0,1,0,2,Pain
144,67,Woman,0,106,223,FALSE,1,142,Yes,0.3,2,2,2,Pain
180,76,Woman,2,140,197,FALSE,2,116,Yes,1.1,1,0,2,Pain
146,70,Man,1,156,245,FALSE,0,143,No,0,2,0,2,Pain
147,44,Woman,2,118,242,FALSE,1,149,No,0.3,1,1,2,Pain
148,60,Woman,3,150,240,FALSE,1,171,No,0.9,2,0,2,Pain
149,44,Man,2,120,226,FALSE,1,169,No,1.8,2,0,2,Pain
150,42,Man,2,130,180,FALSE,1,150,No,0,2,0,2,Pain
151,66,Man,0,160,228,FALSE,0,138,No,2.3,2,0,1,Pain
152,71,Woman,0,112,149,FALSE,1,125,No,1.6,1,0,2,Pain
153,64,Man,3,170,227,FALSE,0,155,No,0.6,1,0,3,Pain
154,66,Woman,2,146,278,FALSE,0,152,No,1.8,1,1,2,Pain
155,39,Woman,2,138,220,FALSE,1,152,No,0,1,0,2,Pain
156,58,Woman,0,130,197,FALSE,1,131,No,0.6,1,0,2,Pain
157,47,Man,2,130,253,FALSE,1,179,No,2.8,2,0,2,Pain
158,35,Man,1,122,192,FALSE,1,174,No,0,2,0,2,Pain
159,58,Man,1,125,220,FALSE,1,144,No,0.4,1,4,3,Pain
160,56,Man,1,130,221,FALSE,0,163,No,0,2,0,3,Pain
161,56,Man,1,120,240,FALSE,1,169,No,0,0,0,2,Pain
162,55,Woman,1,132,342,FALSE,1,166,No,1.2,2,0,2,Pain
163,41,Man,1,120,157,FALSE,1,182,No,0,2,0,2,Pain
164,38,Man,2,138,175,FALSE,1,173,No,0,2,4,2,Pain
165,38,Man,2,138,175,FALSE,1,173,No,0,2,4,2,Pain
166,67,Man,0,160,286,FALSE,0,108,Yes,1.5,1,3,2,No pain
167,67,Man,0,120,229,FALSE,0,129,Yes,2.6,1,2,3,No pain
168,62,Woman,0,140,268,FALSE,0,160,No,3.6,0,2,2,No pain
169,63,Man,0,130,254,FALSE,0,147,No,1.4,1,1,3,No pain
170,53,Man,0,140,203,TRUE,0,155,Yes,3.1,0,0,3,No pain
171,56,Man,2,130,256,TRUE,0,142,Yes,0.6,1,1,1,No pain
172,48,Man,1,110,229,FALSE,1,168,No,1,0,0,3,No pain
173,58,Man,1,120,284,FALSE,0,160,No,1.8,1,0,2,No pain
174,58,Man,2,132,224,FALSE,0,173,No,3.2,2,2,3,No pain
175,60,Man,0,130,206,FALSE,0,132,Yes,2.4,1,2,3,No pain
176,40,Man,0,110,167,FALSE,0,114,Yes,2,1,0,3,No pain
177,60,Man,0,117,230,TRUE,1,160,Yes,1.4,2,2,3,No pain
178,64,Man,2,140,335,FALSE,1,158,No,0,2,0,2,No pain
179,43,Man,0,120,177,FALSE,0,120,Yes,2.5,1,0,3,No pain
180,57,Man,0,150,276,FALSE,0,112,Yes,0.6,1,1,1,No pain
181,55,Man,0,132,353,FALSE,1,132,Yes,1.2,1,1,3,No pain
182,65,Woman,0,150,225,FALSE,0,114,No,1,1,3,3,No pain
183,61,Woman,0,130,330,FALSE,0,169,No,0,2,0,2,No pain
184,58,Man,2,112,230,FALSE,0,165,No,2.5,1,1,3,No pain
185,50,Man,0,150,243,FALSE,0,128,No,2.6,1,0,3,No pain
186,44,Man,0,112,290,FALSE,0,153,No,0,2,1,2,No pain
187,60,Man,0,130,253,FALSE,1,144,Yes,1.4,2,1,3,No pain
188,54,Man,0,124,266,FALSE,0,109,Yes,2.2,1,1,3,No pain
189,50,Man,2,140,233,FALSE,1,163,No,0.6,1,1,3,No pain
190,41,Man,0,110,172,FALSE,0,158,No,0,2,0,3,No pain
191,51,Woman,0,130,305,FALSE,1,142,Yes,1.2,1,0,3,No pain
192,58,Man,0,128,216,FALSE,0,131,Yes,2.2,1,3,3,No pain
193,54,Man,0,120,188,FALSE,1,113,No,1.4,1,1,3,No pain
194,60,Man,0,180,282,FALSE,0,142,Yes,2.8,1,2,3,No pain
195,60,Man,2,140,185,FALSE,0,155,No,3,1,0,2,No pain
196,59,Man,0,170,326,FALSE,0,140,Yes,3.4,0,0,3,No pain
197,46,Man,2,150,231,FALSE,1,147,No,3.6,1,0,2,No pain
198,67,Man,0,125,254,TRUE,1,163,No,0.2,1,2,3,No pain
199,62,Man,0,120,267,FALSE,1,99,Yes,1.8,1,2,3,No pain
200,65,Man,2,110,248,FALSE,0,158,No,0.6,2,2,1,No pain
201,44,Man,3,110,197,FALSE,0,177,No,0,2,1,2,No pain
202,60,Man,1,125,258,FALSE,0,141,Yes,2.8,1,1,3,No pain
203,58,Man,0,150,270,FALSE,0,111,Yes,0.8,2,0,3,No pain
204,68,Man,2,180,274,TRUE,0,150,Yes,1.6,1,0,3,No pain
205,62,Woman,0,160,164,FALSE,0,180,No,6.2,0,3,3,No pain
206,52,Man,2,128,255,FALSE,1,161,Yes,0,2,1,3,No pain
207,59,Man,0,110,239,FALSE,0,142,Yes,1.2,1,1,3,No pain
208,60,Woman,0,150,258,FALSE,0,157,No,2.6,1,2,3,No pain
209,49,Man,2,120,188,FALSE,1,139,No,2,1,3,3,No pain
210,59,Man,0,140,177,FALSE,1,162,Yes,0,2,1,3,No pain
211,57,Man,2,128,229,FALSE,0,150,No,0.4,1,1,3,No pain
212,61,Man,0,120,260,FALSE,1,140,Yes,3.6,1,1,3,No pain
213,39,Man,0,118,219,FALSE,1,140,No,1.2,1,0,3,No pain
214,61,Woman,0,180,307,FALSE,0,146,Yes,1,1,0,3,No pain
215,56,Man,0,125,249,TRUE,0,144,Yes,1.2,1,1,2,No pain
216,43,Woman,0,132,341,TRUE,0,136,Yes,3,1,0,3,No pain
217,62,Woman,2,130,263,FALSE,1,97,No,1.2,1,1,3,No pain
218,63,Man,0,130,330,TRUE,0,132,Yes,1.8,2,3,3,No pain
219,65,Man,0,135,254,FALSE,0,127,No,2.8,1,1,3,No pain
220,48,Man,0,130,256,TRUE,0,150,Yes,0,2,2,3,No pain
221,63,Woman,3,150,407,FALSE,0,154,No,4,1,3,3,No pain
222,55,Man,0,140,217,FALSE,1,111,Yes,5.6,0,0,3,No pain
223,65,Man,3,138,282,TRUE,0,174,No,1.4,1,1,2,No pain
224,56,Woman,0,200,288,TRUE,0,133,Yes,4,0,2,3,No pain
225,54,Man,3,110,239,FALSE,1,126,Yes,2.8,1,1,3,No pain
226,70,Man,0,180,174,FALSE,1,125,Yes,2.6,0,0,3,No pain
227,62,Man,1,120,281,FALSE,0,103,No,1.4,1,1,3,No pain
228,35,Man,0,120,198,FALSE,1,130,Yes,1.6,1,0,3,No pain
229,59,Man,3,170,288,FALSE,0,159,No,0.2,1,0,3,No pain
230,64,Man,2,125,309,FALSE,1,131,Yes,1.8,1,0,3,No pain
231,47,Man,2,108,243,FALSE,1,152,No,0,2,0,2,No pain
232,57,Man,0,165,289,TRUE,0,124,No,1,1,3,3,No pain
233,55,Man,3,160,289,FALSE,0,180,Yes,0.8,1,1,3,No pain
234,64,Man,2,120,246,FALSE,0,96,Yes,2.2,0,1,2,No pain
235,70,Man,3,130,322,FALSE,0,109,No,2.4,1,3,2,No pain
236,51,Man,0,140,299,FALSE,1,173,Yes,1.6,2,0,3,No pain
237,58,Man,0,125,300,FALSE,0,171,No,0,2,2,3,No pain
238,60,Man,0,140,293,FALSE,0,170,No,1.2,1,2,3,No pain
239,77,Man,0,125,304,FALSE,0,162,Yes,0,2,3,2,No pain
240,35,Man,0,126,282,FALSE,0,156,Yes,0,2,0,3,No pain
241,70,Man,2,160,269,FALSE,1,112,Yes,2.9,1,1,3,No pain
242,59,Woman,0,174,249,FALSE,1,143,Yes,0,1,0,2,No pain
243,64,Man,0,180,212,FALSE,0,132,No,2,1,2,1,No pain
244,57,Man,0,152,274,FALSE,1,88,Yes,1.2,1,1,3,No pain
245,56,Man,0,132,184,FALSE,0,105,Yes,2.1,1,1,1,No pain
246,48,Man,0,124,274,FALSE,0,166,No,0.5,1,0,3,No pain
247,56,Woman,0,134,409,FALSE,0,150,Yes,1.9,1,2,3,No pain
248,66,Man,1,160,246,FALSE,1,120,Yes,0,1,3,1,No pain
249,54,Man,1,192,283,FALSE,0,195,No,0,2,1,3,No pain
250,69,Man,2,140,254,FALSE,0,146,No,2,1,3,3,No pain
251,51,Man,0,140,298,FALSE,1,122,Yes,4.2,1,3,3,No pain
252,43,Man,0,132,247,TRUE,0,143,Yes,0.1,1,4,3,No pain
253,62,Woman,0,138,294,TRUE,1,106,No,1.9,1,3,2,No pain
254,67,Man,0,100,299,FALSE,0,125,Yes,0.9,1,2,2,No pain
255,59,Man,3,160,273,FALSE,0,125,No,0,2,0,2,No pain
256,45,Man,0,142,309,FALSE,0,147,Yes,0,1,3,3,No pain
257,58,Man,0,128,259,FALSE,0,130,Yes,3,1,2,3,No pain
258,50,Man,0,144,200,FALSE,0,126,Yes,0.9,1,0,3,No pain
259,62,Woman,0,150,244,FALSE,1,154,Yes,1.4,1,0,2,No pain
260,38,Man,3,120,231,FALSE,1,182,Yes,3.8,1,0,3,No pain
261,66,Woman,0,178,228,TRUE,1,165,Yes,1,1,2,3,No pain
262,52,Man,0,112,230,FALSE,1,160,No,0,2,1,2,No pain
263,53,Man,0,123,282,FALSE,1,95,Yes,2,1,2,3,No pain
264,63,Woman,0,108,269,FALSE,1,169,Yes,1.8,1,2,2,No pain
265,54,Man,0,110,206,FALSE,0,108,Yes,2.7,1,1,2,No pain
266,66,Man,0,112,212,FALSE,0,132,Yes,2.4,2,1,2,No pain
267,55,Woman,0,180,327,FALSE,2,117,Yes,3.4,1,0,2,No pain
268,49,Man,2,118,149,FALSE,0,126,No,3.2,2,3,2,No pain
269,54,Man,0,122,286,FALSE,0,116,Yes,3.2,1,2,2,No pain
270,56,Man,0,130,283,TRUE,0,103,Yes,1.6,0,0,3,No pain
271,46,Man,0,120,249,FALSE,0,144,No,1.9,2,0,3,No pain
272,61,Man,3,134,234,FALSE,1,180,No,2.6,1,2,2,No pain
273,67,Man,0,120,237,FALSE,1,71,No,1,1,0,2,No pain
274,58,Man,0,100,234,FALSE,1,156,No,2.3,2,1,3,No pain
275,47,Man,0,110,275,FALSE,0,118,Yes,1,1,1,2,No pain
276,52,Man,0,125,212,FALSE,1,168,No,1,2,2,3,No pain
277,58,Man,0,146,218,FALSE,1,105,No,2,1,1,3,No pain
278,57,Man,1,124,261,FALSE,1,141,No,4,2,0,3,No pain
279,58,Woman,1,136,319,TRUE,0,152,No,3.2,2,2,2,No pain
280,61,Man,0,138,166,FALSE,0,125,Yes,3.6,1,1,2,No pain
281,42,Man,0,136,315,FALSE,1,125,Yes,1.8,1,0,1,No pain
282,52,Man,0,128,204,TRUE,1,156,Yes,1,1,0,0,No pain
283,59,Man,2,126,218,TRUE,1,134,No,2.2,1,1,1,No pain
284,40,Man,0,152,223,FALSE,1,181,No,0,2,0,3,No pain
285,61,Man,0,140,207,FALSE,0,138,Yes,1.9,2,1,3,No pain
286,46,Man,0,140,311,FALSE,1,120,Yes,1.8,1,2,3,No pain
287,59,Man,3,134,204,FALSE,1,162,No,0.8,2,2,2,No pain
288,57,Man,1,154,232,FALSE,0,164,No,0,2,1,2,No pain
289,57,Man,0,110,335,FALSE,1,143,Yes,3,1,1,3,No pain
290,55,Woman,3,128,205,FALSE,2,130,Yes,2,1,1,3,No pain
291,61,Man,3,148,203,FALSE,1,161,No,0,2,1,3,No pain
292,58,Man,3,114,318,FALSE,2,140,No,4.4,0,3,1,No pain
293,58,Woman,1,170,225,TRUE,0,146,Yes,2.8,1,2,1,No pain
294,67,Man,2,152,212,FALSE,0,150,No,0.8,1,0,3,No pain
295,44,Man,0,120,169,FALSE,1,144,Yes,2.8,0,0,1,No pain
296,63,Man,3,140,187,FALSE,0,144,Yes,4,2,2,3,No pain
297,63,Woman,2,124,197,FALSE,1,136,Yes,0,1,0,2,No pain
298,59,Man,1,164,176,TRUE,0,90,No,1,1,2,1,No pain
299,57,Woman,3,140,241,FALSE,1,123,Yes,0.2,1,0,3,No pain
300,45,Man,3,110,264,FALSE,1,132,No,1.2,1,0,3,No pain
301,68,Man,1,144,193,TRUE,1,141,No,3.4,1,2,3,No pain
302,57,Man,2,130,131,FALSE,1,115,Yes,1.2,1,1,3,No pain
303,57,Woman,1,130,236,FALSE,0,174,No,0,1,1,2,No pain
