gender,age,hypertension,heart_disease,smoking_history,bmi,HbA1c_level,blood_glucose_level,diabetes
Female,80,0,1,never,25.19,6.6,140,0
Female,54,0,0,No Info,27.32,6.6,80,0
Male,28,0,0,never,27.32,5.7,158,0
Female,36,0,0,current,23.45,5,155,0
Male,76,1,1,current,20.14,4.8,155,0
Female,20,0,0,never,27.32,6.6,85,0
Female,44,0,0,never,19.31,6.5,200,1
Female,79,0,0,No Info,23.86,5.7,85,0
Male,42,0,0,never,33.64,4.8,145,0
Female,32,0,0,never,27.32,5,100,0
Female,53,0,0,never,27.32,6.1,85,0
Female,54,0,0,former,54.7,6,100,0
Female,78,0,0,former,36.05,5,130,0
Female,67,0,0,never,25.69,5.8,200,0
Female,76,0,0,No Info,27.32,5,160,0
Male,78,0,0,No Info,27.32,6.6,126,0
Male,15,0,0,never,30.36,6.1,200,0
Female,42,0,0,never,24.48,5.7,158,0
Female,42,0,0,No Info,27.32,5.7,80,0
Male,37,0,0,ever,25.72,3.5,159,0
Male,40,0,0,current,36.38,6,90,0
Male,5,0,0,No Info,18.8,6.2,85,0
Female,69,0,0,never,21.24,4.8,85,0
Female,72,0,1,former,27.94,6.5,130,0
Female,4,0,0,No Info,13.99,4,140,0
Male,30,0,0,never,33.76,6.1,126,0
Male,67,0,1,not current,27.32,6.5,200,1
Male,40,0,0,former,27.85,5.8,80,0
Male,45,1,0,never,26.47,4,158,0
Male,43,0,0,never,26.08,6.1,155,0
Female,53,0,0,No Info,31.75,4,200,0
Male,50,0,0,No Info,25.15,4,145,0
Female,41,0,0,current,22.01,6.2,126,0
Female,20,0,0,never,22.19,3.5,100,0
Female,76,0,0,never,23.55,5,85,0
Male,5,0,0,No Info,15.1,5.8,85,0
Female,15,0,0,No Info,21.76,4.5,130,0
Female,26,0,0,never,21.22,6.6,200,0
Male,50,1,0,current,27.32,5.7,260,1
Female,34,0,0,never,56.43,6.2,200,0
Male,73,0,0,former,25.91,9,160,1
Male,5,0,0,No Info,27.32,6.6,130,0
Female,77,1,1,never,32.02,5,159,0
Female,66,0,0,No Info,29.3,4.8,159,0
Female,67,0,0,No Info,27.32,3.5,160,0
Female,44,0,0,never,24.93,6.1,100,0
Female,29,0,0,never,19.95,5,90,0
Female,60,0,0,never,18.03,4,159,0
Female,38,0,0,never,28.27,6.2,155,0
Female,3,0,0,No Info,19.27,6.5,100,0
Male,57,0,0,never,27.32,6.1,155,0
Female,26,0,0,No Info,27.32,4,200,0
Female,74,0,0,No Info,28.12,5,100,0
Female,53,0,0,former,27.32,7,159,1
Female,45,1,0,never,23.05,4.8,130,0
Male,50,0,0,former,37.16,9,159,1
Male,30,0,0,No Info,27.32,6.6,140,0
Female,19,0,0,never,23.35,3.5,155,0
Male,46,0,0,No Info,24.41,5,140,0
Female,67,0,0,never,63.48,8.8,155,1
Male,44,1,0,current,27.86,6.6,145,0
Female,21,0,0,not current,26.1,5.8,140,0
Female,30,0,0,current,27.32,6.5,158,0
Female,59,0,0,former,27.32,6,159,0
Female,27,0,0,not current,30.22,5.7,100,0
Female,59,0,1,ever,23.11,6.5,200,0
Female,19,0,0,not current,27.32,5.7,145,0
Female,13,0,0,No Info,28.16,5,90,0
Male,56,0,0,never,26.78,4.8,200,0
Male,2,0,0,No Info,23.04,5.7,160,0
Male,7,0,0,No Info,15.94,5.8,158,0
Male,3,0,0,No Info,15.8,6.2,90,0
Female,30,0,0,never,27.01,6.2,145,0
Male,43,0,0,not current,27.32,3.5,126,0
Female,76,0,0,never,22.19,6.6,158,0
Female,41,0,0,never,27.45,5.7,130,0
Female,11,0,0,No Info,17.98,6.5,159,0
Female,26,0,0,never,26.45,5.7,158,0
Male,34,0,0,never,31.16,5.8,90,0
Male,80,0,0,former,24.42,4,160,0
Female,37,0,0,No Info,30.5,5.7,159,0
Male,57,0,0,No Info,27.32,8.2,126,1
Female,53,0,0,former,26.37,4.5,200,0
Male,54,0,0,never,31.86,6.6,145,0
Female,37,0,0,No Info,21.25,6.1,200,0
Female,56,0,0,never,30.95,6.5,145,0
Male,79,0,0,former,31.19,5.8,155,0
Female,36,0,0,current,32.27,6.2,220,1
Female,38,0,0,ever,22.42,6,85,0
Female,6,0,0,No Info,16.39,6.6,200,0
Female,42,0,0,never,17.46,6.2,155,0
Female,44,0,0,never,37.35,5.7,145,0
Male,54,0,0,former,32.85,5,160,0
Male,38,0,0,never,55.61,6.5,130,0
Female,60,0,0,never,27.32,7.5,300,1
Male,19,0,0,never,27.32,6.1,80,0
Female,67,0,0,never,27.32,6.2,159,1
Male,11,0,0,No Info,27.32,6.1,90,0
Female,30,0,0,No Info,50.13,6,100,0
Male,29,0,0,current,27.32,4.8,158,0
Male,38,0,0,never,27.32,6,158,0
Female,74,0,0,former,27.32,6.6,85,0
Male,27,0,0,No Info,27.32,6.2,90,0
Female,55,0,0,ever,18.6,6,160,0
Female,80,1,0,never,27.32,6.8,280,1
Female,57,0,0,never,24.18,5.8,130,0
Female,80,0,0,No Info,27.32,4.8,80,0
Female,80,0,0,never,37.26,4,140,0
Male,40,0,0,No Info,27.32,4.8,200,0
Female,9,0,0,No Info,19.39,6,130,0
Female,50,0,0,No Info,31.21,6.2,130,0
Female,62,0,0,never,21.12,5,126,0
Male,37,0,0,No Info,27.14,3.5,90,0
Female,47,0,0,never,20.6,4,145,0
Female,55,1,0,never,34.2,5.7,140,0
Male,28,0,0,never,27.63,6.2,130,0
Female,66,0,0,not current,20.3,6.1,160,0
Female,43,0,0,current,18.67,6.2,85,0
Female,12,0,0,No Info,20.9,3.5,158,0
Male,68,1,1,current,27.32,5,126,0
Female,36,0,0,No Info,27.32,3.5,160,0
Male,27,0,0,No Info,20.41,6.6,159,0
Female,5,0,0,never,16.76,5.8,160,0
Male,75,0,0,former,27.32,6.1,100,0
Male,7,0,0,No Info,15.06,6.5,130,0
Female,77,0,0,never,31.7,6.5,280,1
Male,79,1,0,No Info,28.73,6.6,160,0
Female,79,0,0,never,25.18,5,130,0
Female,22,0,0,never,25.77,4,145,0
Male,58,0,0,former,36.53,5.8,160,0
Male,11,0,0,No Info,27.59,6.6,100,0
Male,40,0,0,No Info,27.32,6.1,158,0
Female,79,0,0,No Info,27.32,3.5,200,0
Female,28,0,0,not current,26.79,5.8,200,0
Male,18,0,0,No Info,35.55,5,200,0
Male,80,0,0,never,22.06,9,155,1
Female,47,0,0,never,36.49,7.5,155,1
Female,24,0,0,current,25.15,6.1,155,0
Female,42,0,0,not current,27.8,6,85,0
Male,18,0,0,never,23.76,4.8,160,0
Female,80,1,0,never,44.06,6.5,160,0
Female,34,0,0,never,27.32,6,160,0
Female,80,0,0,former,21.97,7,300,1
Male,38,0,0,No Info,29.4,5,90,0
Female,80,0,0,never,20.16,6.5,130,0
Female,80,0,0,No Info,27.32,6,200,0
Male,53,0,0,current,30.8,6.6,280,1
Male,34,0,0,No Info,24,5,85,0
Female,17,0,0,No Info,22.95,6.5,90,0
Female,29,0,0,No Info,33.22,3.5,159,0
Male,55,0,0,current,27.32,6,80,0
Female,12,0,0,No Info,27.93,5.7,160,0
Female,29,0,0,never,29.6,5.7,140,0
Female,25,0,0,No Info,27.32,5.8,90,0
Female,67,0,0,never,25.15,5.8,145,0
Female,0.08,0,0,No Info,14.43,6.5,160,0
Female,54,0,0,ever,26.72,6.1,158,0
Female,33,0,0,never,41.24,4,160,0
Female,68,0,0,former,34.87,5.8,100,0
Female,38,0,0,No Info,23.96,6.1,145,0
Female,62,0,0,No Info,36.27,6.5,200,0
Female,57,0,0,former,29.06,6.5,130,0
Male,59,0,1,ever,30.85,5,126,0
Male,16,0,0,never,17.61,6.5,158,0
Female,21,0,0,No Info,27.7,3.5,159,0
Female,15,0,0,never,19.21,4.5,130,0
Female,33,0,0,No Info,22.34,5.7,100,0
Female,80,0,1,never,29.59,5.8,158,0
Female,46,0,0,former,35.44,3.5,140,0
Female,61,0,0,not current,39.36,9,140,1
Female,31,0,0,ever,27.39,4,159,0
Male,41,0,0,never,27.32,4,159,0
Female,34,0,0,No Info,27.32,6.1,126,0
Male,8,0,0,No Info,27.32,6.6,155,0
Male,76,0,0,never,31.9,7.5,155,1
Male,60,0,0,No Info,27.32,6.6,100,0
Female,49,0,0,never,26.61,4.8,158,0
Female,59,0,0,ever,23.08,6.1,130,0
Male,31,0,0,never,25.84,3.5,158,0
Male,25,0,0,never,27.32,6.1,140,0
Female,59,0,0,never,25.8,5.7,90,0
Male,39,0,0,never,27.32,5.7,159,0
Female,25,0,0,never,26.02,4,160,0
Male,9,0,0,No Info,27.32,6.5,85,0
Female,27,0,0,No Info,27.32,6.1,145,0
Male,41,0,0,former,23.56,6.5,140,0
Female,29,0,0,never,24.65,4.5,145,0
Female,40,0,0,No Info,27.32,5.7,160,0
Female,21,0,0,current,25.11,6.6,145,0
Female,77,0,0,never,27.32,6.5,140,0
Male,27,0,0,No Info,27.32,6,90,0
Male,65,0,0,not current,30.37,3.5,145,0
Female,56,0,0,never,21.54,6,85,0
Female,26,0,0,never,40.9,6.1,140,0
Female,41,0,0,never,26.7,6.2,130,0
Female,45,0,0,former,42.24,6.1,130,0
Male,80,0,0,No Info,27.32,6,140,0
Male,76,0,0,never,23.93,5.8,130,0
Female,3,0,0,No Info,15.48,5.7,130,0
Female,43,0,0,never,26.71,6.5,300,1
Female,20,0,0,never,28.25,5.8,140,0
Female,20,0,0,not current,30.68,4,200,0
Female,38,0,0,No Info,36.96,5.7,200,0
Male,14,0,0,never,23.59,3.5,130,0
Female,46,0,0,No Info,23.56,3.5,90,0
Male,6,0,0,No Info,27.32,5.7,200,0
Female,42,0,0,No Info,27.32,5.8,100,0
Female,24,0,0,No Info,32.81,5.8,159,0
Female,41,0,0,No Info,35.15,4,159,0
Male,38,0,0,not current,29.41,4.5,126,0
Male,24,0,0,ever,26.72,6.2,130,0
Male,21,0,0,No Info,22.17,4,80,0
Female,70,0,0,never,27.5,5.7,145,0
Male,80,0,0,never,29.95,5.8,145,0
Female,29,0,0,No Info,26.57,3.5,200,0
Male,46,0,0,No Info,27.32,5,158,0
Male,18,0,0,No Info,21.78,6,200,0
Female,27,0,0,never,20.89,6.5,80,0
Female,0.56,0,0,No Info,16.85,5,140,0
Male,2,0,0,No Info,17.46,4.5,126,0
Female,53,0,0,No Info,31.7,6.2,126,0
Male,6,0,0,No Info,13.79,6.5,160,0
Female,37,0,0,never,26.04,4.5,159,0
Female,60,0,0,former,34.31,6.1,100,0
Female,14,0,0,never,28.22,6.2,85,0
Female,48,1,0,never,36.73,6.6,126,0
Male,2,0,0,No Info,27.32,5.7,85,0
Female,21,0,0,never,27.32,5.8,126,0
Female,31,0,0,never,32.92,3.5,126,0
Female,19,0,0,never,21.46,6.5,155,0
Male,57,0,0,former,29.28,6.6,160,0
Female,16,0,0,No Info,21.54,6.2,130,0
Female,80,0,0,former,27.32,6.2,145,0
Male,11,0,0,never,17.09,6.6,126,0
Male,51,0,0,never,27.32,4.8,145,0
Female,71,0,0,No Info,27.32,5,126,0
Male,55,0,0,No Info,27.32,6.8,159,1
Female,19,0,0,No Info,27.32,3.5,130,0
Male,59,1,0,No Info,25.31,6,130,0
Female,26,0,0,No Info,28.89,4.8,160,0
Male,18,0,0,No Info,31.2,4.8,126,0
Male,0.88,0,0,No Info,17.49,6,140,0
Male,57,1,1,not current,27.77,6.6,160,1
Female,37,0,0,never,32.31,5.7,126,0
Female,31,0,0,never,25.11,5.7,145,0
Male,4,0,0,No Info,15.57,6.2,130,0
Male,74,0,0,No Info,27.32,6,159,0
Male,48,0,0,ever,27.32,6.6,160,0
Male,17,0,0,No Info,20.38,6.6,160,0
Female,59,0,0,never,22.35,4.8,155,0
Male,30,0,0,never,29.34,6.6,140,0
Male,17,0,0,never,24.88,5.7,158,0
Male,9,0,0,not current,20.56,5.8,200,0
Female,64,0,0,never,27.32,6.2,155,1
Male,63,1,0,ever,35.06,5.8,200,1
Female,46,0,0,never,29.06,6.6,145,0
Female,52,1,0,never,21.46,4,80,0
Male,38,0,0,never,29.6,5.8,155,0
Male,27,0,0,never,27.32,6.1,140,0
Male,63,0,0,never,22.3,5.7,126,0
Female,17,0,0,not current,23.49,4.8,158,0
Female,55,0,0,not current,38.08,5.7,158,0
Male,80,0,0,never,23.25,6.1,159,1
Male,4,0,0,No Info,18.2,3.5,80,0
Female,4,0,0,No Info,13.57,3.5,126,0
Female,4,0,0,No Info,27.32,5,140,0
Female,70,0,0,current,29.25,8.2,130,1
Female,22,0,0,never,24.36,3.5,158,0
Female,0.16,0,0,No Info,12.15,6.6,100,0
Female,54,0,0,never,23.59,4.8,160,0
Female,21,0,0,former,30.05,6,160,0
Male,2,0,0,No Info,15.29,6,140,0
Male,69,0,0,No Info,26.96,6.5,155,0
Female,43,0,0,never,22.29,4.8,100,0
Female,58,0,0,never,39.3,4.8,158,0
Female,32,0,0,current,32.62,5.8,85,0
Female,48,1,0,No Info,24.29,3.5,90,0
Male,21,0,0,never,24.19,5.7,200,0
Female,59,1,0,never,27.4,5.7,140,0
Male,14,0,0,No Info,21.06,6.6,160,0
Male,50,0,0,ever,25.29,6.5,155,0
Male,19,0,0,never,21.83,6.1,155,0
Male,62,0,0,No Info,27.32,4,200,0
Female,56,0,0,No Info,33.83,6.5,90,0
Female,27,0,0,No Info,32.6,5,159,0
Female,38,0,0,never,24.3,6,145,0
Female,65,0,0,never,23.71,6.2,85,0
Female,39,0,0,No Info,27.32,6.6,140,0
Female,18,0,0,never,19.6,3.5,140,0
Male,10,0,0,No Info,19,6.6,155,0
Male,27,0,0,never,20.53,6.6,155,0
Male,48,0,0,No Info,27.32,4.8,200,0
Female,57,0,0,never,25.8,3.5,130,0
Female,48,0,0,never,20.19,7,145,1
Male,44,0,0,No Info,27.07,6.1,159,0
Female,48,0,0,No Info,30.55,6,85,0
Female,2,0,0,No Info,14.69,5,159,0
Female,41,0,0,No Info,27.32,4.5,155,0
Female,50,0,0,No Info,27.32,6.6,85,0
Female,42,0,0,never,24.81,9,159,1
Female,66,0,0,never,27.32,4,85,0
Female,43,0,0,No Info,27.32,6,126,0
Male,24,0,0,never,20.91,4.5,158,0
Female,25,0,0,former,27.25,5,159,0
Male,46,0,0,never,31.7,6.5,100,0
Female,21,0,0,never,36.54,5.7,100,0
Female,80,0,1,former,21.3,5,159,0
Male,31,0,0,former,25.25,4.8,140,0
Female,47,0,0,current,27.32,6.2,155,0
Female,52,0,0,never,23.75,6.5,90,0
Male,35,0,0,not current,26.4,4,130,0
Male,50,0,0,never,33.36,5.8,158,0
Male,46,0,0,never,35.35,5.7,90,0
Male,6,0,0,No Info,27.32,6.2,155,0
Male,74,0,0,No Info,27.32,6.1,80,0
Female,61,0,0,former,21.43,4.8,85,0
Male,40,0,0,current,29.49,6,130,0
Female,52,0,0,No Info,20.08,6.6,100,0
Female,27,0,0,never,20.67,6.2,159,0
Male,17,0,0,No Info,20.16,6,155,0
Male,43,0,0,never,39.46,5.8,200,0
Female,80,0,0,former,36.18,6.5,200,1
Female,80,0,0,former,43.14,6,158,0
Female,50,0,0,former,21.66,4.5,126,0
Female,43,0,0,never,27.82,5.8,159,0
Male,17,0,0,never,16.96,6.2,130,0
Female,80,0,0,never,35.49,5.7,159,0
Female,7,0,0,No Info,15.7,6.1,80,0
Female,73,0,0,No Info,27.32,6,145,0
Male,61,0,0,No Info,27.32,6.2,130,0
Female,21,0,0,No Info,17.47,6.2,126,0
Female,10,0,0,No Info,27.32,3.5,158,0
Male,55,0,0,ever,23.88,6.1,158,0
Male,56,0,0,No Info,26.35,3.5,100,0
Female,15,0,0,never,19.9,6.6,85,0
Male,30,0,0,former,27.32,6.2,159,0
Male,66,0,0,not current,27.32,5.7,159,0
Male,2,0,0,No Info,27.32,4.8,80,0
Male,56,0,0,never,37.59,4,159,0
Male,60,0,0,No Info,25.4,4,200,0
Male,27,0,0,No Info,27.32,3.5,100,0
Male,54,0,0,No Info,30.41,5,158,0
Female,60,0,0,never,27.32,4.8,158,0
Female,34,0,0,current,37.07,5.7,140,0
Male,40,0,0,No Info,27.32,5,130,0
Female,52,1,0,not current,22.48,5,158,0
Female,41,0,0,never,26.02,5.8,80,0
Male,2,0,0,never,24.62,4,155,0
Male,65,0,0,current,31.88,3.5,90,0
Female,80,0,0,never,25.15,4.8,85,0
Female,52,1,0,never,50.3,6.6,155,1
Female,22,0,0,never,27.32,4.8,80,0
Male,17,0,0,never,44,6,145,0
Female,32,0,0,current,25.21,5,100,0
Male,71,0,0,never,27.09,8.2,200,1
Female,16,0,0,No Info,27.32,4.8,200,0
Male,48,0,0,never,35.24,6.6,100,0
Male,10,0,0,No Info,27.32,6.1,90,0
Male,80,0,0,former,28.27,5.8,100,0
Female,66,0,0,former,35.13,6.5,90,0
Male,2,0,0,No Info,14.9,6.5,130,0
Male,80,0,1,former,24.36,7.5,280,1
Female,67,0,0,current,26.07,4.5,145,0
Male,10,0,0,No Info,23.9,6.1,160,0
Male,27,0,0,never,24.78,6.2,159,0
Male,33,0,0,No Info,30.71,6,160,0
Male,80,0,1,No Info,32.37,6.6,80,0
Female,49,0,0,current,24.34,5.7,80,0
Female,60,0,0,never,26.39,4.5,158,0
Female,27,0,0,never,25.46,6.1,100,0
Male,59,0,0,current,29.2,8.2,220,1
Male,33,0,0,never,28.37,6.6,85,0
Female,56,0,0,not current,26.62,3.5,160,0
Female,42,1,0,never,39.29,6.6,159,0
Female,60,1,0,current,48.02,6,85,0
Female,55,1,0,never,32.2,6,140,0
Female,22,0,0,not current,20.53,5.8,159,0
Female,22,0,0,never,27.32,4.5,159,0
Female,29,0,0,No Info,51.76,4,90,0
Male,6,0,0,No Info,22.6,6.1,130,0
Male,80,0,1,former,15.65,6.5,145,0
Female,20,0,0,No Info,24.03,6.1,159,0
Female,71,0,0,ever,25.15,4.5,85,0
Female,80,0,0,No Info,27.32,4.8,145,0
Male,28,0,0,never,32.61,4.8,100,0
Female,43,0,0,No Info,27.32,4.8,160,0
Female,53,0,0,former,36.3,5.8,126,0
Female,4,0,0,never,17.1,6.5,158,0
Male,75,0,0,never,19.9,5,85,0
Female,52,0,0,never,27.32,4,159,0
Male,68,0,0,current,19.47,4.8,160,0
Female,61,0,0,never,31.57,5.7,155,0
Male,29,0,0,current,25.41,6.1,130,1
Female,62,0,0,never,27.32,5.8,100,0
Male,26,0,0,current,22.43,6.6,160,0
Female,15,0,0,No Info,20.98,5,155,0
Male,0.16,0,0,No Info,14.35,6.5,126,0
Male,9,0,0,never,17.13,3.5,100,0
Female,50,0,0,current,24.02,6.1,100,0
Female,76,0,0,No Info,27.32,6.2,160,0
Female,59,0,0,No Info,33.26,6.1,159,0
Male,9,0,0,No Info,17.68,4.5,130,0
Female,27,0,0,never,26.25,5.7,100,0
Female,46,0,0,No Info,16.59,4.8,145,0
Male,6,0,0,No Info,20.12,5.7,160,0
Male,66,1,0,former,31.28,3.5,80,0
Male,77,1,0,never,26.32,5.8,90,0
Male,37,0,0,former,37.8,4.8,130,0
Female,41,0,0,never,37.5,3.5,80,0
Female,80,1,0,ever,29.08,6.2,145,0
Female,45,0,0,current,27.32,6.5,200,0
Male,17,0,0,No Info,38.64,6.2,145,0
Female,25,0,0,never,25.23,5,155,0
Male,51,0,0,never,38.14,6,100,0
Female,68,0,0,No Info,40.31,7.5,260,1
Female,65,0,0,ever,30.41,5.8,160,0
Female,19,0,0,No Info,22.73,6.6,159,0
Female,55,0,0,No Info,27.32,6.2,158,0
Female,52,0,0,No Info,27.32,9,140,1
Female,34,0,0,never,21.3,6.1,130,0
Female,53,0,0,never,45.99,6.1,145,0
Male,3,0,0,No Info,27.32,3.5,155,0
Female,21,0,0,not current,27.32,6.6,80,0
Male,26,0,0,never,27.32,6.6,100,0
Female,46,0,0,current,16.02,3.5,85,0
Female,23,0,0,No Info,24.56,3.5,155,0
Male,57,0,0,No Info,22.83,5.8,126,0
Female,64,0,0,former,21.04,3.5,130,0
Female,16,0,0,No Info,22.66,6.6,130,0
Female,43,0,0,never,40.02,4.8,159,0
Female,70,0,0,not current,33.19,7.5,126,1
Male,52,0,0,No Info,32.31,4.5,90,0
Male,42,0,0,No Info,27.32,5.7,160,0
Female,80,0,0,never,23.86,6.6,80,0
Male,63,0,0,former,27.32,4,126,0
Male,6,0,0,never,15.9,6.2,85,0
Female,69,0,0,former,24.22,6.2,140,0
Male,52,0,0,never,27.32,5,159,0
Male,53,1,0,former,22.94,6,126,0
Female,31,0,0,No Info,26.97,4,159,0
Male,46,1,0,never,30.83,4.8,200,0
Female,20,0,0,never,21.88,5.8,155,0
Female,27,0,0,never,22.4,6.6,155,0
Male,35,0,0,never,18.56,6.1,200,0
Male,66,0,0,No Info,25.97,6,158,0
Female,51,0,0,never,43.42,5,159,0
Male,6,0,0,No Info,17.11,5.8,90,0
Male,71,0,0,never,26.53,8.8,159,1
Female,57,0,0,not current,27.32,6,145,0
Female,4,0,0,never,31.53,3.5,130,0
Female,15,0,0,never,23.44,5.8,100,0
Female,30,0,0,current,28.49,6.6,200,0
Female,42,0,0,No Info,33.64,4.8,80,0
Female,70,0,0,never,26.71,4.5,159,0
Female,58,0,0,not current,24.3,5,145,0
Male,47,0,0,former,31.79,4.5,90,0
Female,43,0,0,never,21.05,4.5,90,0
Male,64,0,0,No Info,25.68,6.6,155,0
Male,3,0,0,No Info,15.7,6,130,0
Male,5,0,0,No Info,18.27,6.2,85,0
Female,47,0,0,No Info,27.32,4.8,126,0
Male,14,0,0,No Info,21.29,4.8,158,0
Male,3,0,0,never,17.97,6.6,90,0
Female,36,0,0,No Info,30.73,6.2,85,0
Male,48,1,0,current,36.12,6.8,140,1
Female,59,0,0,never,35.91,6.6,90,0
Female,79,1,0,former,27.32,6.5,159,1
Female,70,0,1,not current,26.72,5.7,90,0
Male,57,0,0,ever,23.9,4.5,90,0
Male,46,1,0,No Info,21.52,6.1,145,0
Female,39,0,0,ever,23.65,4.5,145,0
Male,37,0,0,never,37.24,7,126,1
Male,21,0,0,never,28.66,6.2,80,0
Male,43,0,0,No Info,27.32,4.8,200,0
Female,80,0,0,never,25.37,4.8,159,0
Female,4,0,0,No Info,14,5,160,0
Male,80,0,0,No Info,27.32,6,158,0
Male,46,0,0,never,22.38,6,80,0
Male,80,0,0,former,26.4,4.8,159,0
Female,19,0,0,No Info,27.32,6.2,145,0
Male,0.64,0,0,No Info,16.53,4,158,0
Female,52,0,0,never,22.83,6.2,145,0
Female,29,0,0,No Info,27.32,5,85,0
Female,13,0,0,No Info,27.32,6.5,100,0
Female,54,0,0,never,24.1,4.8,80,0
Male,15,0,0,No Info,19.15,6.6,200,0
Female,17,0,0,never,19.7,5,200,0
Female,51,0,0,never,23.15,6.2,200,0
Female,20,0,0,current,26.87,5.7,85,0
Male,1.16,0,0,No Info,15.78,6.2,140,0
Female,34,0,0,never,23.91,6.5,80,0
Male,29,0,0,No Info,36.17,4,100,0
Female,46,0,0,former,21.66,6.1,158,0
Female,59,1,0,former,29.93,3.5,160,0
Female,60,0,0,never,28.82,6,130,0
Male,4,0,0,No Info,15.64,4.8,155,0
Male,70,0,0,No Info,27.32,6.5,130,0
Female,80,0,0,never,33.2,6.6,160,0
Female,62,0,0,No Info,27.32,5.8,90,0
Male,75,1,1,ever,31.12,4.8,126,0
Male,73,0,0,No Info,27.32,6.6,126,0
Female,8,0,0,No Info,27.32,5.8,100,0
Male,36,0,0,not current,46.12,6.2,130,1
Male,80,0,0,current,22.53,6.1,155,0
Female,78,1,0,not current,27.32,6.2,126,0
Female,76,0,0,never,26.88,5.8,200,0
Female,29,0,0,never,27.32,4.5,145,0
Female,69,0,1,never,32.27,6.2,160,0
Male,6,0,0,No Info,18.22,3.5,155,0
Male,23,0,0,never,22.18,3.5,80,0
